1.64688e+00,1.66672e+00,1.68659e+00,1.70648e+00,1.72639e+00,1.74633e+00,1.76629e+00,1.78627e+00,1.80627e+00,1.82630e+00,1.84635e+00,1.86642e+00,1.88652e+00,1.90664e+00,1.92678e+00,1.94694e+00,1.96713e+00,1.98734e+00,2.00758e+00,2.02784e+00,2.04812e+00,2.06842e+00,2.08875e+00,2.10910e+00,2.12948e+00,2.14988e+00,2.17030e+00,2.19075e+00,2.21122e+00,2.23171e+00,2.25223e+00,2.27277e+00,2.29334e+00,2.31393e+00,2.33454e+00,2.35518e+00,2.37584e+00,2.39652e+00,2.41723e+00,2.43796e+00,2.45872e+00,2.47949e+00,2.50030e+00,2.52113e+00,2.54198e+00,2.56285e+00,2.58375e+00,2.60467e+00,2.62562e+00,2.64659e+00,2.66759e+00
1.04671e+00,1.04360e+00,1.04049e+00,1.03739e+00,1.03428e+00,1.03117e+00,1.02807e+00,1.02496e+00,1.02185e+00,1.01875e+00,1.01564e+00,1.01254e+00,1.00943e+00,1.00633e+00,1.00322e+00,1.00012e+00,9.97013e-01,9.93908e-01,9.90804e-01,9.87700e-01,9.84596e-01,9.81494e-01,9.78391e-01,9.75288e-01,9.72185e-01,9.69084e-01,9.65982e-01,9.62880e-01,9.59779e-01,9.56679e-01,9.53578e-01,9.50477e-01,9.47377e-01,9.44277e-01,9.41175e-01,9.38074e-01,9.34975e-01,9.31875e-01,9.28775e-01,9.25675e-01,9.22575e-01,9.19477e-01,9.16380e-01,9.13283e-01,9.10186e-01,9.07090e-01,9.03993e-01,9.00898e-01,8.97804e-01,8.94708e-01,8.91614e-01
8.00083e-01,7.97569e-01,7.95056e-01,7.92544e-01,7.90034e-01,7.87523e-01,7.85013e-01,7.82503e-01,7.79993e-01,7.77485e-01,7.74979e-01,7.72472e-01,7.69966e-01,7.67461e-01,7.64957e-01,7.62455e-01,7.59952e-01,7.57450e-01,7.54949e-01,7.52449e-01,7.49949e-01,7.47451e-01,7.44953e-01,7.42456e-01,7.39960e-01,7.37466e-01,7.34972e-01,7.32478e-01,7.29985e-01,7.27494e-01,7.25004e-01,7.22512e-01,7.20023e-01,7.17535e-01,7.15045e-01,7.12558e-01,7.10073e-01,7.07586e-01,7.05101e-01,7.02616e-01,7.00132e-01,6.97651e-01,6.95170e-01,6.92691e-01,6.90212e-01,6.87735e-01,6.85257e-01,6.82782e-01,6.80308e-01,6.77834e-01,6.75361e-01
1.17292e+00,1.16532e+00,1.15772e+00,1.15012e+00,1.14251e+00,1.13490e+00,1.12728e+00,1.11966e+00,1.11204e+00,1.10441e+00,1.09677e+00,1.08914e+00,1.08149e+00,1.07385e+00,1.06620e+00,1.05854e+00,1.05088e+00,1.04322e+00,1.03555e+00,1.02788e+00,1.02020e+00,1.01252e+00,1.00484e+00,9.97151e-01,9.89457e-01,9.81761e-01,9.74060e-01,9.66353e-01,9.58644e-01,9.50930e-01,9.43212e-01,9.35488e-01,9.27762e-01,9.20030e-01,9.12292e-01,9.04552e-01,8.96808e-01,8.89058e-01,8.81304e-01,8.73544e-01,8.65781e-01,8.58015e-01,8.50245e-01,8.42471e-01,8.34692e-01,8.26909e-01,8.19121e-01,8.11330e-01,8.03535e-01,7.95734e-01,7.87930e-01
1.46041e+00,1.47248e+00,1.48457e+00,1.49667e+00,1.50879e+00,1.52092e+00,1.53307e+00,1.54523e+00,1.55741e+00,1.56960e+00,1.58181e+00,1.59403e+00,1.60627e+00,1.61852e+00,1.63079e+00,1.64308e+00,1.65538e+00,1.66769e+00,1.68002e+00,1.69237e+00,1.70473e+00,1.71711e+00,1.72950e+00,1.74191e+00,1.75433e+00,1.76678e+00,1.77923e+00,1.79170e+00,1.80419e+00,1.81669e+00,1.82921e+00,1.84175e+00,1.85430e+00,1.86686e+00,1.87944e+00,1.89204e+00,1.90466e+00,1.91728e+00,1.92993e+00,1.94259e+00,1.95526e+00,1.96795e+00,1.98066e+00,1.99339e+00,2.00613e+00,2.01889e+00,2.03165e+00,2.04444e+00,2.05725e+00,2.07007e+00,2.08291e+00
1.30587e+00,1.28612e+00,1.26635e+00,1.24657e+00,1.22677e+00,1.20696e+00,1.18712e+00,1.16728e+00,1.14741e+00,1.12753e+00,1.10764e+00,1.08772e+00,1.06779e+00,1.04785e+00,1.02789e+00,1.00791e+00,9.87913e-01,9.67902e-01,9.47875e-01,9.27831e-01,9.07770e-01,8.87694e-01,8.67601e-01,8.47491e-01,8.27365e-01,8.07223e-01,7.87064e-01,7.66888e-01,7.46695e-01,7.26487e-01,7.06262e-01,6.86018e-01,6.65759e-01,6.45484e-01,6.25190e-01,6.04881e-01,5.84555e-01,5.64211e-01,5.43851e-01,5.23473e-01,5.03079e-01,4.82669e-01,4.62242e-01,4.41800e-01,4.21340e-01,4.00864e-01,3.80369e-01,3.59858e-01,3.39332e-01,3.18789e-01,2.98229e-01
1.09790e+00,1.11840e+00,1.13894e+00,1.15949e+00,1.18007e+00,1.20067e+00,1.22130e+00,1.24195e+00,1.26262e+00,1.28332e+00,1.30404e+00,1.32478e+00,1.34555e+00,1.36634e+00,1.38716e+00,1.40800e+00,1.42886e+00,1.44974e+00,1.47066e+00,1.49159e+00,1.51255e+00,1.53353e+00,1.55454e+00,1.57557e+00,1.59662e+00,1.61770e+00,1.63880e+00,1.65993e+00,1.68108e+00,1.70226e+00,1.72346e+00,1.74468e+00,1.76593e+00,1.78720e+00,1.80850e+00,1.82982e+00,1.85117e+00,1.87254e+00,1.89393e+00,1.91535e+00,1.93679e+00,1.95826e+00,1.97976e+00,2.00127e+00,2.02282e+00,2.04438e+00,2.06597e+00,2.08759e+00,2.10923e+00,2.13089e+00,2.15259e+00
9.47930e-01,9.43231e-01,9.38531e-01,9.33830e-01,9.29127e-01,9.24423e-01,9.19717e-01,9.15009e-01,9.10299e-01,9.05590e-01,9.00879e-01,8.96166e-01,8.91451e-01,8.86735e-01,8.82018e-01,8.77301e-01,8.72580e-01,8.67859e-01,8.63136e-01,8.58412e-01,8.53687e-01,8.48960e-01,8.44232e-01,8.39503e-01,8.34772e-01,8.30041e-01,8.25307e-01,8.20572e-01,8.15836e-01,8.11099e-01,8.06361e-01,8.01620e-01,7.96877e-01,7.92134e-01,7.87388e-01,7.82642e-01,7.77895e-01,7.73146e-01,7.68395e-01,7.63642e-01,7.58888e-01,7.54134e-01,7.49379e-01,7.44622e-01,7.39865e-01,7.35106e-01,7.30345e-01,7.25584e-01,7.20822e-01,7.16058e-01,7.11292e-01
1.39500e+00,1.40154e+00,1.40809e+00,1.41466e+00,1.42123e+00,1.42781e+00,1.43440e+00,1.44100e+00,1.44761e+00,1.45424e+00,1.46087e+00,1.46751e+00,1.47416e+00,1.48082e+00,1.48749e+00,1.49417e+00,1.50086e+00,1.50756e+00,1.51427e+00,1.52098e+00,1.52771e+00,1.53445e+00,1.54120e+00,1.54796e+00,1.55473e+00,1.56151e+00,1.56830e+00,1.57510e+00,1.58191e+00,1.58873e+00,1.59557e+00,1.60241e+00,1.60926e+00,1.61611e+00,1.62298e+00,1.62986e+00,1.63676e+00,1.64366e+00,1.65057e+00,1.65749e+00,1.66442e+00,1.67136e+00,1.67831e+00,1.68528e+00,1.69225e+00,1.69923e+00,1.70622e+00,1.71323e+00,1.72024e+00,1.72727e+00,1.73430e+00
5.57319e-01,5.57355e-01,5.57393e-01,5.57436e-01,5.57482e-01,5.57530e-01,5.57582e-01,5.57637e-01,5.57693e-01,5.57755e-01,5.57820e-01,5.57887e-01,5.57959e-01,5.58033e-01,5.58110e-01,5.58193e-01,5.58277e-01,5.58364e-01,5.58456e-01,5.58550e-01,5.58647e-01,5.58748e-01,5.58853e-01,5.58961e-01,5.59072e-01,5.59188e-01,5.59306e-01,5.59427e-01,5.59552e-01,5.59680e-01,5.59812e-01,5.59946e-01,5.60085e-01,5.60228e-01,5.60371e-01,5.60520e-01,5.60672e-01,5.60826e-01,5.60985e-01,5.61145e-01,5.61310e-01,5.61479e-01,5.61652e-01,5.61829e-01,5.62009e-01,5.62193e-01,5.62380e-01,5.62571e-01,5.62766e-01,5.62965e-01,5.63166e-01
9.31736e-01,9.49254e-01,9.66793e-01,9.84352e-01,1.00193e+00,1.01953e+00,1.03715e+00,1.05479e+00,1.07246e+00,1.09014e+00,1.10784e+00,1.12557e+00,1.14331e+00,1.16108e+00,1.17886e+00,1.19667e+00,1.21450e+00,1.23234e+00,1.25021e+00,1.26810e+00,1.28602e+00,1.30395e+00,1.32190e+00,1.33988e+00,1.35787e+00,1.37589e+00,1.39393e+00,1.41198e+00,1.43006e+00,1.44817e+00,1.46629e+00,1.48443e+00,1.50260e+00,1.52078e+00,1.53899e+00,1.55722e+00,1.57547e+00,1.59374e+00,1.61203e+00,1.63034e+00,1.64868e+00,1.66703e+00,1.68541e+00,1.70381e+00,1.72224e+00,1.74068e+00,1.75914e+00,1.77763e+00,1.79614e+00,1.81466e+00,1.83322e+00
1.11214e+00,1.09461e+00,1.07707e+00,1.05952e+00,1.04195e+00,1.02437e+00,1.00677e+00,9.89159e-01,9.71533e-01,9.53894e-01,9.36241e-01,9.18573e-01,9.00892e-01,8.83196e-01,8.65485e-01,8.47763e-01,8.30024e-01,8.12271e-01,7.94505e-01,7.76724e-01,7.58928e-01,7.41119e-01,7.23295e-01,7.05457e-01,6.87605e-01,6.69740e-01,6.51859e-01,6.33964e-01,6.16054e-01,5.98131e-01,5.80193e-01,5.62239e-01,5.44273e-01,5.26293e-01,5.08295e-01,4.90284e-01,4.72258e-01,4.54217e-01,4.36163e-01,4.18082e-01,3.99998e-01,3.81900e-01,3.63787e-01,3.45662e-01,3.27521e-01,3.09366e-01,2.91196e-01,2.73010e-01,2.54812e-01,2.36600e-01,2.18372e-01
9.15065e-01,9.14721e-01,9.14381e-01,9.14044e-01,9.13710e-01,9.13378e-01,9.13049e-01,9.12723e-01,9.12399e-01,9.12079e-01,9.11762e-01,9.11448e-01,9.11136e-01,9.10828e-01,9.10522e-01,9.10221e-01,9.09920e-01,9.09624e-01,9.09330e-01,9.09040e-01,9.08752e-01,9.08467e-01,9.08186e-01,9.07907e-01,9.07632e-01,9.07361e-01,9.07091e-01,9.06824e-01,9.06561e-01,9.06302e-01,9.06045e-01,9.05790e-01,9.05540e-01,9.05292e-01,9.05045e-01,9.04803e-01,9.04565e-01,9.04328e-01,9.04095e-01,9.03863e-01,9.03635e-01,9.03412e-01,9.03192e-01,9.02976e-01,9.02762e-01,9.02552e-01,9.02344e-01,9.02141e-01,9.01941e-01,9.01743e-01,9.01549e-01
7.53821e-01,7.52703e-01,7.51587e-01,7.50473e-01,7.49363e-01,7.48253e-01,7.47145e-01,7.46040e-01,7.44935e-01,7.43834e-01,7.42735e-01,7.41638e-01,7.40543e-01,7.39450e-01,7.38360e-01,7.37273e-01,7.36186e-01,7.35102e-01,7.34020e-01,7.32941e-01,7.31863e-01,7.30788e-01,7.29715e-01,7.28644e-01,7.27576e-01,7.26511e-01,7.25447e-01,7.24385e-01,7.23325e-01,7.22269e-01,7.21214e-01,7.20160e-01,7.19110e-01,7.18062e-01,7.17014e-01,7.15971e-01,7.14929e-01,7.13889e-01,7.12851e-01,7.11815e-01,7.10781e-01,7.09751e-01,7.08724e-01,7.07699e-01,7.06676e-01,7.05657e-01,7.04638e-01,7.03623e-01,7.02611e-01,7.01600e-01,7.00592e-01
7.22666e-01,7.36695e-01,7.50742e-01,7.64805e-01,7.78887e-01,7.92985e-01,8.07099e-01,8.21231e-01,8.35378e-01,8.49545e-01,8.63728e-01,8.77928e-01,8.92146e-01,9.06380e-01,9.20632e-01,9.34902e-01,9.49188e-01,9.63492e-01,9.77814e-01,9.92152e-01,1.00651e+00,1.02088e+00,1.03527e+00,1.04968e+00,1.06411e+00,1.07855e+00,1.09301e+00,1.10749e+00,1.12199e+00,1.13650e+00,1.15103e+00,1.16558e+00,1.18015e+00,1.19473e+00,1.20934e+00,1.22395e+00,1.23859e+00,1.25325e+00,1.26792e+00,1.28261e+00,1.29732e+00,1.31204e+00,1.32679e+00,1.34155e+00,1.35634e+00,1.37113e+00,1.38595e+00,1.40079e+00,1.41564e+00,1.43051e+00,1.44540e+00
7.01037e-01,6.92709e-01,6.84375e-01,6.76037e-01,6.67695e-01,6.59347e-01,6.50993e-01,6.42635e-01,6.34270e-01,6.25902e-01,6.17528e-01,6.09150e-01,6.00766e-01,5.92377e-01,5.83983e-01,5.75586e-01,5.67182e-01,5.58773e-01,5.50360e-01,5.41941e-01,5.33516e-01,5.25087e-01,5.16653e-01,5.08215e-01,4.99771e-01,4.91324e-01,4.82869e-01,4.74410e-01,4.65945e-01,4.57476e-01,4.49002e-01,4.40521e-01,4.32038e-01,4.23550e-01,4.15054e-01,4.06554e-01,3.98049e-01,3.89537e-01,3.81022e-01,3.72516e-01,3.63989e-01,3.55457e-01,3.46921e-01,3.38382e-01,3.29836e-01,3.21286e-01,3.12730e-01,3.04168e-01,2.95603e-01,2.87034e-01,2.78459e-01
8.45731e-01,8.46819e-01,8.47912e-01,8.49009e-01,8.50112e-01,8.51218e-01,8.52328e-01,8.53441e-01,8.54559e-01,8.55682e-01,8.56810e-01,8.57941e-01,8.59077e-01,8.60217e-01,8.61361e-01,8.62511e-01,8.63664e-01,8.64822e-01,8.65984e-01,8.67151e-01,8.68321e-01,8.69497e-01,8.70677e-01,8.71861e-01,8.73050e-01,8.74245e-01,8.75443e-01,8.76645e-01,8.77852e-01,8.79064e-01,8.80280e-01,8.81500e-01,8.82725e-01,8.83955e-01,8.85187e-01,8.86425e-01,8.87669e-01,8.88915e-01,8.90166e-01,8.91421e-01,8.92681e-01,8.93947e-01,8.95217e-01,8.96493e-01,8.97773e-01,8.99058e-01,9.00346e-01,9.01641e-01,9.02940e-01,9.04243e-01,9.05552e-01
9.25655e-01,9.19768e-01,9.13878e-01,9.07986e-01,9.02092e-01,8.96194e-01,8.90294e-01,8.84391e-01,8.78484e-01,8.72577e-01,8.66667e-01,8.60753e-01,8.54838e-01,8.48919e-01,8.42998e-01,8.37076e-01,8.31149e-01,8.25221e-01,8.19290e-01,8.13356e-01,8.07419e-01,8.01481e-01,7.95539e-01,7.89596e-01,7.83649e-01,7.77702e-01,7.71750e-01,7.65795e-01,7.59839e-01,7.53880e-01,7.47919e-01,7.41953e-01,7.35986e-01,7.30017e-01,7.24043e-01,7.18068e-01,7.12091e-01,7.06109e-01,7.00126e-01,6.94139e-01,6.88150e-01,6.82160e-01,6.76167e-01,6.70172e-01,6.64174e-01,6.58174e-01,6.52171e-01,6.46166e-01,6.40159e-01,6.34149e-01,6.28136e-01
1.12278e+00,1.12628e+00,1.12980e+00,1.13332e+00,1.13685e+00,1.14038e+00,1.14392e+00,1.14747e+00,1.15102e+00,1.15458e+00,1.15815e+00,1.16173e+00,1.16531e+00,1.16890e+00,1.17249e+00,1.17609e+00,1.17970e+00,1.18332e+00,1.18694e+00,1.19057e+00,1.19420e+00,1.19785e+00,1.20150e+00,1.20515e+00,1.20882e+00,1.21249e+00,1.21617e+00,1.21985e+00,1.22354e+00,1.22724e+00,1.23095e+00,1.23466e+00,1.23838e+00,1.24210e+00,1.24584e+00,1.24958e+00,1.25332e+00,1.25708e+00,1.26084e+00,1.26461e+00,1.26838e+00,1.27216e+00,1.27595e+00,1.27975e+00,1.28356e+00,1.28737e+00,1.29119e+00,1.29501e+00,1.29885e+00,1.30269e+00,1.30653e+00
6.44161e-01,6.52604e-01,6.61058e-01,6.69524e-01,6.78002e-01,6.86491e-01,6.94991e-01,7.03503e-01,7.12025e-01,7.20561e-01,7.29108e-01,7.37666e-01,7.46236e-01,7.54817e-01,7.63410e-01,7.72016e-01,7.80633e-01,7.89261e-01,7.97901e-01,8.06553e-01,8.15217e-01,8.23893e-01,8.32580e-01,8.41279e-01,8.49990e-01,8.58715e-01,8.67450e-01,8.76196e-01,8.84955e-01,8.93727e-01,9.02510e-01,9.11304e-01,9.20111e-01,9.28930e-01,9.37759e-01,9.46600e-01,9.55456e-01,9.64321e-01,9.73199e-01,9.82088e-01,9.90990e-01,9.99905e-01,1.00883e+00,1.01777e+00,1.02673e+00,1.03569e+00,1.04467e+00,1.05365e+00,1.06266e+00,1.07167e+00,1.08070e+00
1.70619e-01,1.61762e-01,1.52901e-01,1.44033e-01,1.35160e-01,1.26280e-01,1.17400e-01,1.08510e-01,9.96123e-02,9.07118e-02,8.18081e-02,7.28949e-02,6.39793e-02,5.50573e-02,4.61273e-02,3.71929e-02,2.82810e-02,1.93363e-02,1.03914e-02,1.43463e-03,-7.54595e-03,-1.65078e-02,-2.54827e-02,-3.44623e-02,-4.34480e-02,-5.24369e-02,-6.14220e-02,-7.04248e-02,-7.94206e-02,-8.84266e-02,-9.74310e-02,-1.06452e-01,-1.15479e-01,-1.24511e-01,-1.33551e-01,-1.42599e-01,-1.51644e-01,-1.60694e-01,-1.69759e-01,-1.78809e-01,-1.87887e-01,-1.96953e-01,-2.06031e-01,-2.15120e-01,-2.24210e-01,-2.33313e-01,-2.42397e-01,-2.51484e-01,-2.60590e-01,-2.69692e-01,-2.78807e-01
9.28417e-01,9.42758e-01,9.57116e-01,9.71493e-01,9.85887e-01,1.00030e+00,1.01473e+00,1.02917e+00,1.04363e+00,1.05811e+00,1.07261e+00,1.08713e+00,1.10166e+00,1.11621e+00,1.13078e+00,1.14536e+00,1.15997e+00,1.17459e+00,1.18923e+00,1.20388e+00,1.21856e+00,1.23325e+00,1.24796e+00,1.26269e+00,1.27743e+00,1.29220e+00,1.30698e+00,1.32178e+00,1.33659e+00,1.35143e+00,1.36628e+00,1.38115e+00,1.39604e+00,1.41095e+00,1.42587e+00,1.44081e+00,1.45578e+00,1.47076e+00,1.48575e+00,1.50077e+00,1.51580e+00,1.53085e+00,1.54592e+00,1.56101e+00,1.57612e+00,1.59124e+00,1.60639e+00,1.62155e+00,1.63673e+00,1.65193e+00,1.66715e+00
1.31875e+00,1.33104e+00,1.34335e+00,1.35568e+00,1.36802e+00,1.38037e+00,1.39274e+00,1.40513e+00,1.41753e+00,1.42995e+00,1.44238e+00,1.45483e+00,1.46729e+00,1.47977e+00,1.49226e+00,1.50477e+00,1.51730e+00,1.52984e+00,1.54240e+00,1.55497e+00,1.56756e+00,1.58017e+00,1.59279e+00,1.60542e+00,1.61807e+00,1.63074e+00,1.64342e+00,1.65612e+00,1.66884e+00,1.68157e+00,1.69432e+00,1.70708e+00,1.71986e+00,1.73265e+00,1.74546e+00,1.75829e+00,1.77114e+00,1.78400e+00,1.79687e+00,1.80976e+00,1.82266e+00,1.83559e+00,1.84853e+00,1.86149e+00,1.87446e+00,1.88745e+00,1.90045e+00,1.91347e+00,1.92651e+00,1.93956e+00,1.95263e+00
1.01292e+00,1.02092e+00,1.02894e+00,1.03696e+00,1.04500e+00,1.05305e+00,1.06110e+00,1.06917e+00,1.07725e+00,1.08534e+00,1.09344e+00,1.10156e+00,1.10968e+00,1.11782e+00,1.12597e+00,1.13412e+00,1.14229e+00,1.15048e+00,1.15867e+00,1.16687e+00,1.17509e+00,1.18331e+00,1.19155e+00,1.19980e+00,1.20806e+00,1.21634e+00,1.22462e+00,1.23292e+00,1.24122e+00,1.24954e+00,1.25787e+00,1.26622e+00,1.27457e+00,1.28293e+00,1.29131e+00,1.29970e+00,1.30810e+00,1.31651e+00,1.32493e+00,1.33336e+00,1.34181e+00,1.35027e+00,1.35874e+00,1.36722e+00,1.37571e+00,1.38422e+00,1.39273e+00,1.40126e+00,1.40981e+00,1.41836e+00,1.42692e+00
7.66114e-01,7.77857e-01,7.89615e-01,8.01388e-01,8.13177e-01,8.24979e-01,8.36796e-01,8.48627e-01,8.60472e-01,8.72334e-01,8.84211e-01,8.96102e-01,9.08008e-01,9.19929e-01,9.31865e-01,9.43818e-01,9.55783e-01,9.67764e-01,9.79761e-01,9.91772e-01,1.00380e+00,1.01584e+00,1.02790e+00,1.03997e+00,1.05206e+00,1.06416e+00,1.07628e+00,1.08841e+00,1.10056e+00,1.11272e+00,1.12490e+00,1.13710e+00,1.14931e+00,1.16153e+00,1.17377e+00,1.18603e+00,1.19830e+00,1.21058e+00,1.22288e+00,1.23520e+00,1.24753e+00,1.25988e+00,1.27225e+00,1.28463e+00,1.29702e+00,1.30943e+00,1.32186e+00,1.33430e+00,1.34676e+00,1.35924e+00,1.37173e+00
8.27486e-01,8.23444e-01,8.19400e-01,8.15357e-01,8.11313e-01,8.07268e-01,8.03221e-01,7.99174e-01,7.95125e-01,7.91077e-01,7.87027e-01,7.82977e-01,7.78926e-01,7.74874e-01,7.70822e-01,7.66770e-01,7.62716e-01,7.58661e-01,7.54606e-01,7.50549e-01,7.46492e-01,7.42435e-01,7.38377e-01,7.34318e-01,7.30258e-01,7.26200e-01,7.22138e-01,7.18076e-01,7.14014e-01,7.09951e-01,7.05888e-01,7.01822e-01,6.97757e-01,6.93691e-01,6.89623e-01,6.85555e-01,6.81487e-01,6.77417e-01,6.73347e-01,6.69275e-01,6.65203e-01,6.61131e-01,6.57058e-01,6.52986e-01,6.48913e-01,6.44839e-01,6.40764e-01,6.36689e-01,6.32614e-01,6.28538e-01,6.24460e-01
6.95382e-01,6.96818e-01,6.98258e-01,6.99704e-01,7.01155e-01,7.02609e-01,7.04068e-01,7.05532e-01,7.06999e-01,7.08473e-01,7.09951e-01,7.11433e-01,7.12920e-01,7.14411e-01,7.15908e-01,7.17410e-01,7.18916e-01,7.20426e-01,7.21942e-01,7.23462e-01,7.24986e-01,7.26516e-01,7.28051e-01,7.29590e-01,7.31134e-01,7.32685e-01,7.34238e-01,7.35796e-01,7.37360e-01,7.38929e-01,7.40502e-01,7.42079e-01,7.43661e-01,7.45250e-01,7.46840e-01,7.48438e-01,7.50040e-01,7.51646e-01,7.53257e-01,7.54872e-01,7.56493e-01,7.58120e-01,7.59751e-01,7.61389e-01,7.63031e-01,7.64678e-01,7.66329e-01,7.67987e-01,7.69650e-01,7.71317e-01,7.72989e-01
1.33485e+00,1.32879e+00,1.32272e+00,1.31665e+00,1.31058e+00,1.30451e+00,1.29843e+00,1.29235e+00,1.28626e+00,1.28018e+00,1.27409e+00,1.26800e+00,1.26190e+00,1.25581e+00,1.24971e+00,1.24360e+00,1.23750e+00,1.23139e+00,1.22528e+00,1.21917e+00,1.21305e+00,1.20693e+00,1.20081e+00,1.19469e+00,1.18856e+00,1.18243e+00,1.17630e+00,1.17017e+00,1.16403e+00,1.15789e+00,1.15175e+00,1.14560e+00,1.13946e+00,1.13330e+00,1.12715e+00,1.12099e+00,1.11483e+00,1.10867e+00,1.10250e+00,1.09634e+00,1.09016e+00,1.08399e+00,1.07782e+00,1.07164e+00,1.06546e+00,1.05927e+00,1.05309e+00,1.04690e+00,1.04071e+00,1.03451e+00,1.02832e+00
1.40585e+00,1.40654e+00,1.40722e+00,1.40792e+00,1.40861e+00,1.40932e+00,1.41002e+00,1.41073e+00,1.41144e+00,1.41215e+00,1.41288e+00,1.41360e+00,1.41433e+00,1.41506e+00,1.41579e+00,1.41653e+00,1.41728e+00,1.41803e+00,1.41878e+00,1.41954e+00,1.42030e+00,1.42106e+00,1.42183e+00,1.42260e+00,1.42338e+00,1.42416e+00,1.42495e+00,1.42573e+00,1.42653e+00,1.42733e+00,1.42813e+00,1.42893e+00,1.42975e+00,1.43056e+00,1.43137e+00,1.43220e+00,1.43303e+00,1.43385e+00,1.43469e+00,1.43553e+00,1.43637e+00,1.43722e+00,1.43807e+00,1.43892e+00,1.43979e+00,1.44065e+00,1.44152e+00,1.44239e+00,1.44327e+00,1.44415e+00,1.44504e+00
1.19746e+00,1.20593e+00,1.21440e+00,1.22289e+00,1.23138e+00,1.23989e+00,1.24841e+00,1.25694e+00,1.26548e+00,1.27404e+00,1.28261e+00,1.29119e+00,1.29978e+00,1.30838e+00,1.31699e+00,1.32562e+00,1.33425e+00,1.34290e+00,1.35156e+00,1.36023e+00,1.36892e+00,1.37762e+00,1.38632e+00,1.39504e+00,1.40378e+00,1.41252e+00,1.42128e+00,1.43004e+00,1.43883e+00,1.44762e+00,1.45642e+00,1.46524e+00,1.47407e+00,1.48291e+00,1.49176e+00,1.50062e+00,1.50950e+00,1.51839e+00,1.52729e+00,1.53620e+00,1.54512e+00,1.55406e+00,1.56301e+00,1.57197e+00,1.58095e+00,1.58993e+00,1.59893e+00,1.60794e+00,1.61697e+00,1.62600e+00,1.63505e+00
1.65660e+00,1.65329e+00,1.64998e+00,1.64668e+00,1.64337e+00,1.64007e+00,1.63676e+00,1.63345e+00,1.63014e+00,1.62684e+00,1.62353e+00,1.62023e+00,1.61692e+00,1.61361e+00,1.61031e+00,1.60700e+00,1.60369e+00,1.60039e+00,1.59708e+00,1.59378e+00,1.59047e+00,1.58717e+00,1.58386e+00,1.58055e+00,1.57725e+00,1.57394e+00,1.57064e+00,1.56733e+00,1.56403e+00,1.56073e+00,1.55742e+00,1.55412e+00,1.55081e+00,1.54751e+00,1.54420e+00,1.54090e+00,1.53760e+00,1.53429e+00,1.53099e+00,1.52768e+00,1.52438e+00,1.52107e+00,1.51777e+00,1.51447e+00,1.51117e+00,1.50786e+00,1.50456e+00,1.50126e+00,1.49796e+00,1.49465e+00,1.49136e+00
6.83935e-01,6.82622e-01,6.81309e-01,6.80000e-01,6.78693e-01,6.77387e-01,6.76082e-01,6.74780e-01,6.73478e-01,6.72180e-01,6.70883e-01,6.69588e-01,6.68296e-01,6.67005e-01,6.65716e-01,6.64431e-01,6.63145e-01,6.61862e-01,6.60581e-01,6.59302e-01,6.58025e-01,6.56750e-01,6.55477e-01,6.54207e-01,6.52938e-01,6.51673e-01,6.50408e-01,6.49145e-01,6.47884e-01,6.46626e-01,6.45370e-01,6.44114e-01,6.42862e-01,6.41613e-01,6.40362e-01,6.39116e-01,6.37872e-01,6.36628e-01,6.35388e-01,6.34148e-01,6.32911e-01,6.31677e-01,6.30445e-01,6.29216e-01,6.27989e-01,6.26765e-01,6.25541e-01,6.24321e-01,6.23103e-01,6.21888e-01,6.20673e-01
1.27809e+00,1.27446e+00,1.27082e+00,1.26719e+00,1.26356e+00,1.25992e+00,1.25629e+00,1.25265e+00,1.24901e+00,1.24538e+00,1.24174e+00,1.23810e+00,1.23446e+00,1.23083e+00,1.22719e+00,1.22355e+00,1.21991e+00,1.21627e+00,1.21263e+00,1.20899e+00,1.20535e+00,1.20171e+00,1.19807e+00,1.19443e+00,1.19079e+00,1.18715e+00,1.18351e+00,1.17987e+00,1.17623e+00,1.17259e+00,1.16894e+00,1.16530e+00,1.16166e+00,1.15801e+00,1.15437e+00,1.15073e+00,1.14708e+00,1.14344e+00,1.13979e+00,1.13615e+00,1.13250e+00,1.12885e+00,1.12521e+00,1.12156e+00,1.11792e+00,1.11427e+00,1.11063e+00,1.10698e+00,1.10334e+00,1.09969e+00,1.09604e+00
1.05092e+00,1.04549e+00,1.04005e+00,1.03460e+00,1.02916e+00,1.02372e+00,1.01827e+00,1.01282e+00,1.00736e+00,1.00191e+00,9.96452e-01,9.90993e-01,9.85532e-01,9.80069e-01,9.74603e-01,9.69137e-01,9.63667e-01,9.58195e-01,9.52722e-01,9.47246e-01,9.41768e-01,9.36288e-01,9.30806e-01,9.25322e-01,9.19835e-01,9.14349e-01,9.08858e-01,9.03365e-01,8.97871e-01,8.92375e-01,8.86877e-01,8.81375e-01,8.75872e-01,8.70367e-01,8.64859e-01,8.59349e-01,8.53838e-01,8.48323e-01,8.42807e-01,8.37287e-01,8.31766e-01,8.26244e-01,8.20719e-01,8.15194e-01,8.09666e-01,8.04136e-01,7.98603e-01,7.93069e-01,7.87534e-01,7.81995e-01,7.76455e-01
7.37325e-01,7.33319e-01,7.29312e-01,7.25304e-01,7.21297e-01,7.17288e-01,7.13277e-01,7.09267e-01,7.05254e-01,7.01242e-01,6.97229e-01,6.93216e-01,6.89201e-01,6.85186e-01,6.81170e-01,6.77155e-01,6.73137e-01,6.69119e-01,6.65100e-01,6.61081e-01,6.57060e-01,6.53040e-01,6.49018e-01,6.44996e-01,6.40973e-01,6.36952e-01,6.32927e-01,6.28902e-01,6.24876e-01,6.20851e-01,6.16824e-01,6.12795e-01,6.08767e-01,6.04740e-01,6.00708e-01,5.96678e-01,5.92647e-01,5.88614e-01,5.84581e-01,5.80546e-01,5.76511e-01,5.72476e-01,5.68441e-01,5.64406e-01,5.60370e-01,5.56334e-01,5.52296e-01,5.48259e-01,5.44221e-01,5.40183e-01,5.36142e-01
1.28206e+00,1.28517e+00,1.28830e+00,1.29142e+00,1.29456e+00,1.29770e+00,1.30085e+00,1.30400e+00,1.30716e+00,1.31032e+00,1.31350e+00,1.31667e+00,1.31986e+00,1.32305e+00,1.32625e+00,1.32945e+00,1.33266e+00,1.33588e+00,1.33910e+00,1.34233e+00,1.34557e+00,1.34881e+00,1.35206e+00,1.35532e+00,1.35858e+00,1.36185e+00,1.36513e+00,1.36841e+00,1.37170e+00,1.37500e+00,1.37830e+00,1.38161e+00,1.38492e+00,1.38824e+00,1.39157e+00,1.39491e+00,1.39825e+00,1.40160e+00,1.40495e+00,1.40831e+00,1.41168e+00,1.41506e+00,1.41844e+00,1.42183e+00,1.42522e+00,1.42863e+00,1.43204e+00,1.43545e+00,1.43888e+00,1.44230e+00,1.44574e+00
1.23481e+00,1.22684e+00,1.21885e+00,1.21087e+00,1.20288e+00,1.19488e+00,1.18688e+00,1.17887e+00,1.17086e+00,1.16285e+00,1.15483e+00,1.14681e+00,1.13878e+00,1.13074e+00,1.12270e+00,1.11466e+00,1.10661e+00,1.09856e+00,1.09051e+00,1.08245e+00,1.07438e+00,1.06631e+00,1.05823e+00,1.05015e+00,1.04207e+00,1.03398e+00,1.02589e+00,1.01779e+00,1.00969e+00,1.00158e+00,9.93468e-01,9.85350e-01,9.77229e-01,9.69103e-01,9.60970e-01,9.52833e-01,9.44693e-01,9.36547e-01,9.28396e-01,9.20240e-01,9.12080e-01,9.03916e-01,8.95748e-01,8.87575e-01,8.79397e-01,8.71215e-01,8.63027e-01,8.54836e-01,8.46640e-01,8.38439e-01,8.30234e-01
6.71756e-01,6.76741e-01,6.81735e-01,6.86738e-01,6.91749e-01,6.96767e-01,7.01794e-01,7.06828e-01,7.11870e-01,7.16921e-01,7.21980e-01,7.27047e-01,7.32123e-01,7.37206e-01,7.42298e-01,7.47400e-01,7.52508e-01,7.57624e-01,7.62750e-01,7.67883e-01,7.73024e-01,7.78175e-01,7.83333e-01,7.88500e-01,7.93675e-01,7.98860e-01,8.04052e-01,8.09252e-01,8.14461e-01,8.19679e-01,8.24905e-01,8.30138e-01,8.35382e-01,8.40633e-01,8.45891e-01,8.51159e-01,8.56436e-01,8.61720e-01,8.67013e-01,8.72313e-01,8.77623e-01,8.82942e-01,8.88270e-01,8.93607e-01,8.98953e-01,9.04308e-01,9.09669e-01,9.15042e-01,9.20423e-01,9.25811e-01,9.31210e-01
1.19175e+00,1.21150e+00,1.23128e+00,1.25107e+00,1.27089e+00,1.29074e+00,1.31060e+00,1.33049e+00,1.35040e+00,1.37033e+00,1.39029e+00,1.41027e+00,1.43027e+00,1.45029e+00,1.47034e+00,1.49041e+00,1.51050e+00,1.53062e+00,1.55076e+00,1.57092e+00,1.59111e+00,1.61132e+00,1.63155e+00,1.65181e+00,1.67209e+00,1.69239e+00,1.71272e+00,1.73307e+00,1.75344e+00,1.77384e+00,1.79426e+00,1.81470e+00,1.83517e+00,1.85566e+00,1.87617e+00,1.89671e+00,1.91728e+00,1.93786e+00,1.95847e+00,1.97910e+00,1.99975e+00,2.02043e+00,2.04114e+00,2.06187e+00,2.08262e+00,2.10340e+00,2.12419e+00,2.14502e+00,2.16587e+00,2.18673e+00,2.20764e+00
5.80109e-01,5.90081e-01,6.00066e-01,6.10064e-01,6.20076e-01,6.30100e-01,6.40137e-01,6.50188e-01,6.60250e-01,6.70326e-01,6.80416e-01,6.90519e-01,7.00634e-01,7.10763e-01,7.20905e-01,7.31062e-01,7.41230e-01,7.51412e-01,7.61608e-01,7.71816e-01,7.82038e-01,7.92273e-01,8.02522e-01,8.12784e-01,8.23059e-01,8.33349e-01,8.43651e-01,8.53967e-01,8.64296e-01,8.74640e-01,8.84996e-01,8.95365e-01,9.05749e-01,9.16146e-01,9.26555e-01,9.36979e-01,9.47417e-01,9.57867e-01,9.68330e-01,9.78807e-01,9.89298e-01,9.99804e-01,1.01032e+00,1.02086e+00,1.03141e+00,1.04197e+00,1.05254e+00,1.06313e+00,1.07373e+00,1.08435e+00,1.09498e+00
1.08996e+00,1.09109e+00,1.09223e+00,1.09337e+00,1.09452e+00,1.09567e+00,1.09683e+00,1.09799e+00,1.09916e+00,1.10033e+00,1.10150e+00,1.10268e+00,1.10386e+00,1.10505e+00,1.10624e+00,1.10743e+00,1.10863e+00,1.10984e+00,1.11105e+00,1.11226e+00,1.11348e+00,1.11470e+00,1.11593e+00,1.11716e+00,1.11840e+00,1.11964e+00,1.12089e+00,1.12214e+00,1.12339e+00,1.12465e+00,1.12592e+00,1.12718e+00,1.12846e+00,1.12973e+00,1.13101e+00,1.13230e+00,1.13359e+00,1.13489e+00,1.13619e+00,1.13749e+00,1.13880e+00,1.14011e+00,1.14143e+00,1.14276e+00,1.14409e+00,1.14542e+00,1.14676e+00,1.14810e+00,1.14945e+00,1.15080e+00,1.15216e+00
9.47564e-01,9.41600e-01,9.35634e-01,9.29666e-01,9.23695e-01,9.17721e-01,9.11744e-01,9.05764e-01,8.99781e-01,8.93797e-01,8.87810e-01,8.81820e-01,8.75827e-01,8.69832e-01,8.63833e-01,8.57834e-01,8.51830e-01,8.45824e-01,8.39816e-01,8.33805e-01,8.27791e-01,8.21774e-01,8.15755e-01,8.09734e-01,8.03709e-01,7.97684e-01,7.91654e-01,7.85621e-01,7.79587e-01,7.73550e-01,7.67510e-01,7.61466e-01,7.55420e-01,7.49373e-01,7.43320e-01,7.37266e-01,7.31210e-01,7.25151e-01,7.19088e-01,7.13022e-01,7.06954e-01,7.00885e-01,6.94812e-01,6.88738e-01,6.82661e-01,6.76582e-01,6.70499e-01,6.64414e-01,6.58328e-01,6.52238e-01,6.46145e-01
1.25910e+00,1.25485e+00,1.25059e+00,1.24634e+00,1.24209e+00,1.23783e+00,1.23357e+00,1.22931e+00,1.22505e+00,1.22079e+00,1.21653e+00,1.21227e+00,1.20801e+00,1.20374e+00,1.19948e+00,1.19521e+00,1.19095e+00,1.18668e+00,1.18241e+00,1.17814e+00,1.17387e+00,1.16960e+00,1.16533e+00,1.16106e+00,1.15678e+00,1.15251e+00,1.14824e+00,1.14396e+00,1.13968e+00,1.13540e+00,1.13113e+00,1.12685e+00,1.12257e+00,1.11828e+00,1.11400e+00,1.10972e+00,1.10543e+00,1.10115e+00,1.09686e+00,1.09257e+00,1.08828e+00,1.08399e+00,1.07971e+00,1.07542e+00,1.07112e+00,1.06683e+00,1.06254e+00,1.05825e+00,1.05395e+00,1.04966e+00,1.04536e+00
8.53225e-01,8.72969e-01,8.92736e-01,9.12527e-01,9.32340e-01,9.52176e-01,9.72033e-01,9.91914e-01,1.01182e+00,1.03174e+00,1.05169e+00,1.07166e+00,1.09166e+00,1.11168e+00,1.13172e+00,1.15178e+00,1.17187e+00,1.19198e+00,1.21211e+00,1.23227e+00,1.25245e+00,1.27265e+00,1.29288e+00,1.31313e+00,1.33340e+00,1.35369e+00,1.37401e+00,1.39436e+00,1.41472e+00,1.43511e+00,1.45553e+00,1.47596e+00,1.49642e+00,1.51690e+00,1.53741e+00,1.55794e+00,1.57850e+00,1.59907e+00,1.61967e+00,1.64030e+00,1.66094e+00,1.68162e+00,1.70231e+00,1.72303e+00,1.74378e+00,1.76455e+00,1.78533e+00,1.80615e+00,1.82699e+00,1.84785e+00,1.86874e+00
1.12422e+00,1.12781e+00,1.13141e+00,1.13502e+00,1.13864e+00,1.14226e+00,1.14589e+00,1.14952e+00,1.15316e+00,1.15681e+00,1.16047e+00,1.16413e+00,1.16780e+00,1.17148e+00,1.17516e+00,1.17885e+00,1.18255e+00,1.18625e+00,1.18996e+00,1.19368e+00,1.19741e+00,1.20114e+00,1.20488e+00,1.20862e+00,1.21238e+00,1.21614e+00,1.21990e+00,1.22368e+00,1.22746e+00,1.23125e+00,1.23504e+00,1.23885e+00,1.24266e+00,1.24647e+00,1.25029e+00,1.25412e+00,1.25796e+00,1.26181e+00,1.26566e+00,1.26952e+00,1.27338e+00,1.27726e+00,1.28114e+00,1.28503e+00,1.28892e+00,1.29283e+00,1.29673e+00,1.30065e+00,1.30458e+00,1.30851e+00,1.31245e+00
5.34311e-01,5.30447e-01,5.26583e-01,5.22719e-01,5.18854e-01,5.14989e-01,5.11122e-01,5.07255e-01,5.03386e-01,4.99520e-01,4.95651e-01,4.91781e-01,4.87912e-01,4.84041e-01,4.80169e-01,4.76299e-01,4.72426e-01,4.68552e-01,4.64679e-01,4.60805e-01,4.56930e-01,4.53055e-01,4.49179e-01,4.45303e-01,4.41426e-01,4.37550e-01,4.33671e-01,4.29793e-01,4.25913e-01,4.22034e-01,4.18153e-01,4.14271e-01,4.10391e-01,4.06511e-01,4.02627e-01,3.98744e-01,3.94860e-01,3.90974e-01,3.87089e-01,3.83219e-01,3.79332e-01,3.75444e-01,3.71557e-01,3.67670e-01,3.63782e-01,3.59895e-01,3.56006e-01,3.52116e-01,3.48227e-01,3.44339e-01,3.40450e-01
8.95232e-01,9.00002e-01,9.04781e-01,9.09567e-01,9.14363e-01,9.19165e-01,9.23975e-01,9.28793e-01,9.33618e-01,9.38452e-01,9.43295e-01,9.48145e-01,9.53002e-01,9.57868e-01,9.62742e-01,9.67625e-01,9.72515e-01,9.77413e-01,9.82320e-01,9.87234e-01,9.92157e-01,9.97088e-01,1.00203e+00,1.00697e+00,1.01193e+00,1.01689e+00,1.02187e+00,1.02685e+00,1.03183e+00,1.03683e+00,1.04184e+00,1.04685e+00,1.05187e+00,1.05690e+00,1.06194e+00,1.06698e+00,1.07204e+00,1.07710e+00,1.08217e+00,1.08725e+00,1.09233e+00,1.09743e+00,1.10253e+00,1.10765e+00,1.11277e+00,1.11790e+00,1.12304e+00,1.12819e+00,1.13334e+00,1.13850e+00,1.14368e+00
5.92545e-01,6.16111e-01,6.39704e-01,6.63323e-01,6.86970e-01,7.10642e-01,7.34340e-01,7.58065e-01,7.81816e-01,8.05594e-01,8.29399e-01,8.53230e-01,8.77088e-01,9.00973e-01,9.24884e-01,9.48823e-01,9.72788e-01,9.96780e-01,1.02080e+00,1.04484e+00,1.06892e+00,1.09302e+00,1.11714e+00,1.14130e+00,1.16548e+00,1.18969e+00,1.21392e+00,1.23819e+00,1.26248e+00,1.28679e+00,1.31114e+00,1.33551e+00,1.35991e+00,1.38434e+00,1.40879e+00,1.43327e+00,1.45778e+00,1.48232e+00,1.50688e+00,1.53147e+00,1.55609e+00,1.58074e+00,1.60541e+00,1.63011e+00,1.65485e+00,1.67960e+00,1.70439e+00,1.72920e+00,1.75405e+00,1.77891e+00,1.80382e+00
8.68299e-01,8.72335e-01,8.76379e-01,8.80430e-01,8.84489e-01,8.88555e-01,8.92627e-01,8.96706e-01,9.00792e-01,9.04887e-01,9.08988e-01,9.13097e-01,9.17213e-01,9.21336e-01,9.25466e-01,9.29605e-01,9.33750e-01,9.37903e-01,9.42063e-01,9.46230e-01,9.50404e-01,9.54587e-01,9.58777e-01,9.62974e-01,9.67178e-01,9.71391e-01,9.75611e-01,9.79837e-01,9.84072e-01,9.88315e-01,9.92565e-01,9.96821e-01,1.00109e+00,1.00536e+00,1.00964e+00,1.01392e+00,1.01822e+00,1.02252e+00,1.02683e+00,1.03114e+00,1.03547e+00,1.03980e+00,1.04414e+00,1.04849e+00,1.05284e+00,1.05721e+00,1.06158e+00,1.06596e+00,1.07034e+00,1.07474e+00,1.07914e+00
9.64641e-01,9.73742e-01,9.82856e-01,9.91982e-01,1.00112e+00,1.01027e+00,1.01943e+00,1.02861e+00,1.03780e+00,1.04700e+00,1.05621e+00,1.06543e+00,1.07467e+00,1.08392e+00,1.09318e+00,1.10245e+00,1.11174e+00,1.12103e+00,1.13035e+00,1.13967e+00,1.14900e+00,1.15835e+00,1.16771e+00,1.17709e+00,1.18647e+00,1.19587e+00,1.20528e+00,1.21471e+00,1.22414e+00,1.23359e+00,1.24305e+00,1.25253e+00,1.26202e+00,1.27151e+00,1.28103e+00,1.29055e+00,1.30009e+00,1.30964e+00,1.31920e+00,1.32877e+00,1.33836e+00,1.34797e+00,1.35758e+00,1.36721e+00,1.37685e+00,1.38650e+00,1.39617e+00,1.40585e+00,1.41554e+00,1.42525e+00,1.43497e+00
1.11525e+00,1.12133e+00,1.12742e+00,1.13351e+00,1.13962e+00,1.14574e+00,1.15186e+00,1.15800e+00,1.16414e+00,1.17030e+00,1.17646e+00,1.18263e+00,1.18881e+00,1.19500e+00,1.20120e+00,1.20741e+00,1.21363e+00,1.21986e+00,1.22610e+00,1.23234e+00,1.23860e+00,1.24487e+00,1.25114e+00,1.25743e+00,1.26372e+00,1.27003e+00,1.27634e+00,1.28266e+00,1.28900e+00,1.29534e+00,1.30169e+00,1.30805e+00,1.31443e+00,1.32081e+00,1.32720e+00,1.33359e+00,1.34001e+00,1.34642e+00,1.35285e+00,1.35929e+00,1.36574e+00,1.37220e+00,1.37867e+00,1.38514e+00,1.39163e+00,1.39813e+00,1.40464e+00,1.41116e+00,1.41768e+00,1.42422e+00,1.43077e+00
8.31031e-01,8.30306e-01,8.29585e-01,8.28866e-01,8.28150e-01,8.27436e-01,8.26724e-01,8.26015e-01,8.25307e-01,8.24603e-01,8.23902e-01,8.23203e-01,8.22506e-01,8.21812e-01,8.21120e-01,8.20433e-01,8.19746e-01,8.19062e-01,8.18381e-01,8.17703e-01,8.17026e-01,8.16353e-01,8.15683e-01,8.15015e-01,8.14349e-01,8.13688e-01,8.13028e-01,8.12370e-01,8.11716e-01,8.11064e-01,8.10415e-01,8.09768e-01,8.09123e-01,8.08482e-01,8.07841e-01,8.07205e-01,8.06572e-01,8.05940e-01,8.05311e-01,8.04684e-01,8.04060e-01,8.03440e-01,8.02823e-01,8.02209e-01,8.01598e-01,8.00990e-01,8.00383e-01,7.99781e-01,7.99182e-01,7.98584e-01,7.97990e-01
1.41120e+00,1.40314e+00,1.39508e+00,1.38701e+00,1.37894e+00,1.37087e+00,1.36279e+00,1.35470e+00,1.34661e+00,1.33852e+00,1.33042e+00,1.32232e+00,1.31421e+00,1.30610e+00,1.29798e+00,1.28986e+00,1.28173e+00,1.27360e+00,1.26546e+00,1.25732e+00,1.24918e+00,1.24103e+00,1.23287e+00,1.22471e+00,1.21655e+00,1.20838e+00,1.20021e+00,1.19203e+00,1.18384e+00,1.17566e+00,1.16746e+00,1.15927e+00,1.15106e+00,1.14286e+00,1.13464e+00,1.12643e+00,1.11821e+00,1.10998e+00,1.10175e+00,1.09351e+00,1.08527e+00,1.07702e+00,1.06877e+00,1.06052e+00,1.05226e+00,1.04400e+00,1.03573e+00,1.02745e+00,1.01918e+00,1.01089e+00,1.00261e+00
8.81830e-01,8.81185e-01,8.80542e-01,8.79902e-01,8.79266e-01,8.78631e-01,8.77998e-01,8.77368e-01,8.76740e-01,8.76116e-01,8.75495e-01,8.74875e-01,8.74258e-01,8.73644e-01,8.73032e-01,8.72425e-01,8.71819e-01,8.71215e-01,8.70615e-01,8.70017e-01,8.69421e-01,8.68829e-01,8.68239e-01,8.67652e-01,8.67067e-01,8.66487e-01,8.65908e-01,8.65331e-01,8.64758e-01,8.64188e-01,8.63621e-01,8.63054e-01,8.62493e-01,8.61933e-01,8.61374e-01,8.60820e-01,8.60269e-01,8.59719e-01,8.59173e-01,8.58628e-01,8.58086e-01,8.57549e-01,8.57014e-01,8.56483e-01,8.55954e-01,8.55429e-01,8.54905e-01,8.54385e-01,8.53869e-01,8.53354e-01,8.52843e-01
6.62226e-01,6.62770e-01,6.63317e-01,6.63868e-01,6.64423e-01,6.64982e-01,6.65544e-01,6.66110e-01,6.66678e-01,6.67252e-01,6.67829e-01,6.68410e-01,6.68994e-01,6.69583e-01,6.70175e-01,6.70773e-01,6.71372e-01,6.71976e-01,6.72583e-01,6.73195e-01,6.73810e-01,6.74429e-01,6.75052e-01,6.75679e-01,6.76310e-01,6.76947e-01,6.77585e-01,6.78228e-01,6.78874e-01,6.79526e-01,6.80180e-01,6.80838e-01,6.81500e-01,6.82167e-01,6.82835e-01,6.83510e-01,6.84188e-01,6.84869e-01,6.85554e-01,6.86242e-01,6.86935e-01,6.87633e-01,6.88335e-01,6.89042e-01,6.89753e-01,6.90468e-01,6.91186e-01,6.91909e-01,6.92637e-01,6.93368e-01,6.94103e-01
1.48974e+00,1.49905e+00,1.50838e+00,1.51772e+00,1.52707e+00,1.53643e+00,1.54580e+00,1.55519e+00,1.56459e+00,1.57400e+00,1.58342e+00,1.59286e+00,1.60231e+00,1.61177e+00,1.62125e+00,1.63073e+00,1.64023e+00,1.64975e+00,1.65927e+00,1.66881e+00,1.67836e+00,1.68793e+00,1.69750e+00,1.70709e+00,1.71669e+00,1.72631e+00,1.73594e+00,1.74558e+00,1.75523e+00,1.76490e+00,1.77458e+00,1.78427e+00,1.79398e+00,1.80369e+00,1.81343e+00,1.82317e+00,1.83293e+00,1.84270e+00,1.85248e+00,1.86228e+00,1.87208e+00,1.88191e+00,1.89174e+00,1.90159e+00,1.91146e+00,1.92133e+00,1.93121e+00,1.94112e+00,1.95103e+00,1.96096e+00,1.97090e+00
1.20401e+00,1.21556e+00,1.22713e+00,1.23872e+00,1.25032e+00,1.26193e+00,1.27356e+00,1.28520e+00,1.29686e+00,1.30853e+00,1.32022e+00,1.33192e+00,1.34363e+00,1.35536e+00,1.36711e+00,1.37887e+00,1.39065e+00,1.40244e+00,1.41424e+00,1.42606e+00,1.43790e+00,1.44975e+00,1.46162e+00,1.47350e+00,1.48539e+00,1.49730e+00,1.50923e+00,1.52117e+00,1.53313e+00,1.54510e+00,1.55709e+00,1.56909e+00,1.58110e+00,1.59313e+00,1.60518e+00,1.61724e+00,1.62932e+00,1.64142e+00,1.65352e+00,1.66564e+00,1.67778e+00,1.68994e+00,1.70211e+00,1.71429e+00,1.72650e+00,1.73871e+00,1.75094e+00,1.76319e+00,1.77545e+00,1.78773e+00,1.80002e+00
9.97660e-01,1.00993e+00,1.02222e+00,1.03453e+00,1.04685e+00,1.05918e+00,1.07153e+00,1.08389e+00,1.09627e+00,1.10867e+00,1.12108e+00,1.13351e+00,1.14595e+00,1.15841e+00,1.17088e+00,1.18337e+00,1.19588e+00,1.20840e+00,1.22093e+00,1.23348e+00,1.24605e+00,1.25863e+00,1.27123e+00,1.28385e+00,1.29647e+00,1.30912e+00,1.32178e+00,1.33446e+00,1.34715e+00,1.35986e+00,1.37259e+00,1.38533e+00,1.39809e+00,1.41086e+00,1.42365e+00,1.43645e+00,1.44927e+00,1.46211e+00,1.47496e+00,1.48783e+00,1.50071e+00,1.51361e+00,1.52653e+00,1.53946e+00,1.55241e+00,1.56538e+00,1.57836e+00,1.59136e+00,1.60438e+00,1.61740e+00,1.63045e+00
9.92992e-01,9.98805e-01,1.00463e+00,1.01046e+00,1.01630e+00,1.02215e+00,1.02801e+00,1.03387e+00,1.03975e+00,1.04564e+00,1.05153e+00,1.05743e+00,1.06335e+00,1.06927e+00,1.07520e+00,1.08114e+00,1.08709e+00,1.09304e+00,1.09901e+00,1.10499e+00,1.11097e+00,1.11697e+00,1.12297e+00,1.12898e+00,1.13501e+00,1.14104e+00,1.14708e+00,1.15313e+00,1.15919e+00,1.16526e+00,1.17134e+00,1.17742e+00,1.18352e+00,1.18963e+00,1.19574e+00,1.20186e+00,1.20800e+00,1.21414e+00,1.22029e+00,1.22645e+00,1.23263e+00,1.23881e+00,1.24500e+00,1.25120e+00,1.25741e+00,1.26363e+00,1.26986e+00,1.27610e+00,1.28235e+00,1.28860e+00,1.29487e+00
1.20905e+00,1.22107e+00,1.23310e+00,1.24516e+00,1.25722e+00,1.26930e+00,1.28140e+00,1.29351e+00,1.30564e+00,1.31778e+00,1.32994e+00,1.34211e+00,1.35430e+00,1.36650e+00,1.37872e+00,1.39096e+00,1.40320e+00,1.41547e+00,1.42775e+00,1.44004e+00,1.45235e+00,1.46468e+00,1.47702e+00,1.48938e+00,1.50175e+00,1.51414e+00,1.52655e+00,1.53897e+00,1.55140e+00,1.56385e+00,1.57632e+00,1.58880e+00,1.60130e+00,1.61381e+00,1.62634e+00,1.63889e+00,1.65145e+00,1.66403e+00,1.67662e+00,1.68922e+00,1.70185e+00,1.71449e+00,1.72714e+00,1.73981e+00,1.75250e+00,1.76521e+00,1.77792e+00,1.79066e+00,1.80341e+00,1.81617e+00,1.82896e+00
1.31292e+00,1.30864e+00,1.30437e+00,1.30010e+00,1.29582e+00,1.29155e+00,1.28727e+00,1.28299e+00,1.27871e+00,1.27444e+00,1.27016e+00,1.26587e+00,1.26159e+00,1.25731e+00,1.25302e+00,1.24874e+00,1.24445e+00,1.24016e+00,1.23588e+00,1.23159e+00,1.22730e+00,1.22301e+00,1.21872e+00,1.21442e+00,1.21013e+00,1.20584e+00,1.20154e+00,1.19724e+00,1.19295e+00,1.18865e+00,1.18435e+00,1.18005e+00,1.17575e+00,1.17145e+00,1.16715e+00,1.16284e+00,1.15854e+00,1.15423e+00,1.14993e+00,1.14562e+00,1.14131e+00,1.13700e+00,1.13269e+00,1.12838e+00,1.12407e+00,1.11976e+00,1.11545e+00,1.11113e+00,1.10682e+00,1.10250e+00,1.09819e+00
1.26608e+00,1.28183e+00,1.29761e+00,1.31340e+00,1.32921e+00,1.34504e+00,1.36089e+00,1.37675e+00,1.39264e+00,1.40855e+00,1.42447e+00,1.44041e+00,1.45638e+00,1.47236e+00,1.48836e+00,1.50437e+00,1.52041e+00,1.53647e+00,1.55255e+00,1.56864e+00,1.58476e+00,1.60089e+00,1.61704e+00,1.63322e+00,1.64941e+00,1.66562e+00,1.68185e+00,1.69810e+00,1.71437e+00,1.73066e+00,1.74697e+00,1.76330e+00,1.77965e+00,1.79601e+00,1.81240e+00,1.82880e+00,1.84523e+00,1.86167e+00,1.87814e+00,1.89462e+00,1.91112e+00,1.92765e+00,1.94419e+00,1.96075e+00,1.97734e+00,1.99394e+00,2.01056e+00,2.02720e+00,2.04386e+00,2.06054e+00,2.07725e+00
7.49373e-02,8.21221e-02,8.93649e-02,9.65698e-02,1.03785e-01,1.11010e-01,1.18251e-01,1.25497e-01,1.32752e-01,1.40019e-01,1.47299e-01,1.54586e-01,1.61886e-01,1.69195e-01,1.76512e-01,1.83848e-01,1.91186e-01,1.98536e-01,2.05894e-01,2.13265e-01,2.20646e-01,2.28036e-01,2.35437e-01,2.42850e-01,2.50273e-01,2.57709e-01,2.65152e-01,2.72606e-01,2.80068e-01,2.87544e-01,2.95030e-01,3.02527e-01,3.10037e-01,3.17558e-01,3.25086e-01,3.32625e-01,3.40177e-01,3.47737e-01,3.55308e-01,3.62902e-01,3.70494e-01,3.78097e-01,3.85711e-01,3.93338e-01,4.00975e-01,4.08623e-01,4.16281e-01,4.23950e-01,4.31632e-01,4.39325e-01,4.47029e-01
1.18503e+00,1.18519e+00,1.18536e+00,1.18553e+00,1.18571e+00,1.18589e+00,1.18607e+00,1.18626e+00,1.18644e+00,1.18664e+00,1.18683e+00,1.18703e+00,1.18724e+00,1.18744e+00,1.18765e+00,1.18787e+00,1.18808e+00,1.18830e+00,1.18853e+00,1.18876e+00,1.18899e+00,1.18922e+00,1.18946e+00,1.18970e+00,1.18995e+00,1.19020e+00,1.19045e+00,1.19070e+00,1.19097e+00,1.19123e+00,1.19150e+00,1.19177e+00,1.19204e+00,1.19232e+00,1.19260e+00,1.19288e+00,1.19317e+00,1.19346e+00,1.19376e+00,1.19405e+00,1.19436e+00,1.19466e+00,1.19497e+00,1.19529e+00,1.19561e+00,1.19593e+00,1.19625e+00,1.19658e+00,1.19692e+00,1.19725e+00,1.19760e+00
8.56743e-01,8.64452e-01,8.72172e-01,8.79902e-01,8.87644e-01,8.95396e-01,9.03159e-01,9.10932e-01,9.18716e-01,9.26512e-01,9.34318e-01,9.42135e-01,9.49963e-01,9.57802e-01,9.65652e-01,9.73514e-01,9.81386e-01,9.89269e-01,9.97163e-01,1.00507e+00,1.01298e+00,1.02091e+00,1.02885e+00,1.03680e+00,1.04476e+00,1.05273e+00,1.06072e+00,1.06871e+00,1.07672e+00,1.08473e+00,1.09276e+00,1.10080e+00,1.10885e+00,1.11691e+00,1.12499e+00,1.13307e+00,1.14117e+00,1.14927e+00,1.15739e+00,1.16552e+00,1.17366e+00,1.18181e+00,1.18997e+00,1.19815e+00,1.20634e+00,1.21453e+00,1.22274e+00,1.23097e+00,1.23920e+00,1.24744e+00,1.25570e+00
1.45677e+00,1.45943e+00,1.46209e+00,1.46476e+00,1.46744e+00,1.47012e+00,1.47281e+00,1.47550e+00,1.47820e+00,1.48090e+00,1.48362e+00,1.48633e+00,1.48906e+00,1.49178e+00,1.49452e+00,1.49726e+00,1.50000e+00,1.50276e+00,1.50552e+00,1.50828e+00,1.51105e+00,1.51383e+00,1.51661e+00,1.51940e+00,1.52220e+00,1.52500e+00,1.52781e+00,1.53062e+00,1.53344e+00,1.53627e+00,1.53910e+00,1.54194e+00,1.54478e+00,1.54763e+00,1.55049e+00,1.55335e+00,1.55622e+00,1.55910e+00,1.56198e+00,1.56486e+00,1.56776e+00,1.57066e+00,1.57357e+00,1.57648e+00,1.57940e+00,1.58232e+00,1.58525e+00,1.58819e+00,1.59114e+00,1.59409e+00,1.59705e+00
7.22639e-01,7.36647e-01,7.50672e-01,7.64715e-01,7.78775e-01,7.92851e-01,8.06944e-01,8.21054e-01,8.35180e-01,8.49325e-01,8.63486e-01,8.77665e-01,8.91861e-01,9.06073e-01,9.20303e-01,9.34552e-01,9.48816e-01,9.63098e-01,9.77398e-01,9.91715e-01,1.00605e+00,1.02040e+00,1.03477e+00,1.04916e+00,1.06356e+00,1.07798e+00,1.09242e+00,1.10688e+00,1.12135e+00,1.13585e+00,1.15036e+00,1.16488e+00,1.17943e+00,1.19399e+00,1.20857e+00,1.22317e+00,1.23778e+00,1.25241e+00,1.26706e+00,1.28173e+00,1.29642e+00,1.31112e+00,1.32585e+00,1.34059e+00,1.35535e+00,1.37012e+00,1.38492e+00,1.39973e+00,1.41456e+00,1.42941e+00,1.44428e+00
1.00006e+00,1.01822e+00,1.03641e+00,1.05461e+00,1.07284e+00,1.09109e+00,1.10935e+00,1.12764e+00,1.14595e+00,1.16428e+00,1.18264e+00,1.20101e+00,1.21941e+00,1.23783e+00,1.25626e+00,1.27472e+00,1.29321e+00,1.31171e+00,1.33023e+00,1.34878e+00,1.36735e+00,1.38594e+00,1.40455e+00,1.42318e+00,1.44183e+00,1.46051e+00,1.47921e+00,1.49793e+00,1.51667e+00,1.53544e+00,1.55422e+00,1.57303e+00,1.59186e+00,1.61071e+00,1.62958e+00,1.64847e+00,1.66739e+00,1.68633e+00,1.70529e+00,1.72427e+00,1.74328e+00,1.76230e+00,1.78136e+00,1.80043e+00,1.81952e+00,1.83864e+00,1.85777e+00,1.87693e+00,1.89612e+00,1.91532e+00,1.93455e+00
9.68049e-01,9.92837e-01,1.01765e+00,1.04250e+00,1.06737e+00,1.09227e+00,1.11720e+00,1.14215e+00,1.16713e+00,1.19214e+00,1.21718e+00,1.24225e+00,1.26734e+00,1.29246e+00,1.31761e+00,1.34279e+00,1.36800e+00,1.39323e+00,1.41849e+00,1.44379e+00,1.46910e+00,1.49445e+00,1.51983e+00,1.54523e+00,1.57066e+00,1.59612e+00,1.62161e+00,1.64713e+00,1.67268e+00,1.69825e+00,1.72386e+00,1.74949e+00,1.77515e+00,1.80084e+00,1.82656e+00,1.85230e+00,1.87808e+00,1.90388e+00,1.92972e+00,1.95558e+00,1.98147e+00,2.00739e+00,2.03334e+00,2.05932e+00,2.08532e+00,2.11136e+00,2.13742e+00,2.16352e+00,2.18964e+00,2.21579e+00,2.24198e+00
1.28536e+00,1.27464e+00,1.26392e+00,1.25318e+00,1.24244e+00,1.23169e+00,1.22094e+00,1.21017e+00,1.19940e+00,1.18862e+00,1.17784e+00,1.16704e+00,1.15624e+00,1.14543e+00,1.13462e+00,1.12379e+00,1.11296e+00,1.10213e+00,1.09128e+00,1.08043e+00,1.06957e+00,1.05870e+00,1.04783e+00,1.03695e+00,1.02606e+00,1.01516e+00,1.00426e+00,9.93346e-01,9.82428e-01,9.71503e-01,9.60570e-01,9.49628e-01,9.38680e-01,9.27723e-01,9.16758e-01,9.05787e-01,8.94809e-01,8.83822e-01,8.72827e-01,8.61824e-01,8.50814e-01,8.39798e-01,8.28774e-01,8.17744e-01,8.06705e-01,7.95660e-01,7.84605e-01,7.73545e-01,7.62477e-01,7.51401e-01,7.40318e-01
7.81073e-01,7.69381e-01,7.57680e-01,7.45972e-01,7.34256e-01,7.22531e-01,7.10798e-01,6.99056e-01,6.87304e-01,6.75546e-01,6.63779e-01,6.52004e-01,6.40220e-01,6.28428e-01,6.16627e-01,6.04820e-01,5.93002e-01,5.81177e-01,5.69343e-01,5.57501e-01,5.45650e-01,5.33790e-01,5.21923e-01,5.10047e-01,4.98162e-01,4.86272e-01,4.74370e-01,4.62460e-01,4.50541e-01,4.38615e-01,4.26680e-01,4.14734e-01,4.02784e-01,3.90825e-01,3.78855e-01,3.66877e-01,3.54891e-01,3.42895e-01,3.30891e-01,3.18887e-01,3.06865e-01,2.94835e-01,2.82796e-01,2.70751e-01,2.58696e-01,2.46634e-01,2.34562e-01,2.22481e-01,2.10393e-01,1.98297e-01,1.86190e-01
1.05050e+00,1.04847e+00,1.04644e+00,1.04441e+00,1.04238e+00,1.04036e+00,1.03833e+00,1.03631e+00,1.03429e+00,1.03227e+00,1.03025e+00,1.02823e+00,1.02621e+00,1.02420e+00,1.02218e+00,1.02017e+00,1.01816e+00,1.01615e+00,1.01414e+00,1.01213e+00,1.01012e+00,1.00812e+00,1.00611e+00,1.00411e+00,1.00211e+00,1.00011e+00,9.98113e-01,9.96115e-01,9.94120e-01,9.92125e-01,9.90133e-01,9.88140e-01,9.86150e-01,9.84161e-01,9.82172e-01,9.80184e-01,9.78200e-01,9.76215e-01,9.74232e-01,9.72249e-01,9.70268e-01,9.68291e-01,9.66314e-01,9.64339e-01,9.62366e-01,9.60394e-01,9.58423e-01,9.56454e-01,9.54487e-01,9.52521e-01,9.50557e-01
5.21428e-01,5.25523e-01,5.29624e-01,5.33733e-01,5.37850e-01,5.41973e-01,5.46103e-01,5.50241e-01,5.54385e-01,5.58537e-01,5.62697e-01,5.66863e-01,5.71037e-01,5.75219e-01,5.79407e-01,5.83605e-01,5.87808e-01,5.92018e-01,5.96237e-01,6.00462e-01,6.04695e-01,6.08936e-01,6.13183e-01,6.17439e-01,6.21702e-01,6.25974e-01,6.30252e-01,6.34537e-01,6.38829e-01,6.43131e-01,6.47439e-01,6.51753e-01,6.56076e-01,6.60408e-01,6.64744e-01,6.69089e-01,6.73443e-01,6.77802e-01,6.82170e-01,6.86544e-01,6.90927e-01,6.95318e-01,6.99717e-01,7.04124e-01,7.08539e-01,7.12962e-01,7.17392e-01,7.21830e-01,7.26277e-01,7.30730e-01,7.35192e-01
1.05056e+00,1.06233e+00,1.07412e+00,1.08593e+00,1.09775e+00,1.10958e+00,1.12143e+00,1.13330e+00,1.14518e+00,1.15707e+00,1.16898e+00,1.18091e+00,1.19285e+00,1.20480e+00,1.21677e+00,1.22876e+00,1.24076e+00,1.25277e+00,1.26480e+00,1.27685e+00,1.28891e+00,1.30098e+00,1.31307e+00,1.32518e+00,1.33730e+00,1.34944e+00,1.36159e+00,1.37376e+00,1.38594e+00,1.39814e+00,1.41035e+00,1.42258e+00,1.43483e+00,1.44708e+00,1.45936e+00,1.47165e+00,1.48396e+00,1.49628e+00,1.50861e+00,1.52096e+00,1.53333e+00,1.54572e+00,1.55812e+00,1.57053e+00,1.58296e+00,1.59541e+00,1.60787e+00,1.62035e+00,1.63284e+00,1.64535e+00,1.65788e+00
1.34042e+00,1.34688e+00,1.35334e+00,1.35982e+00,1.36630e+00,1.37280e+00,1.37930e+00,1.38581e+00,1.39233e+00,1.39887e+00,1.40541e+00,1.41196e+00,1.41852e+00,1.42510e+00,1.43168e+00,1.43827e+00,1.44487e+00,1.45148e+00,1.45810e+00,1.46473e+00,1.47137e+00,1.47802e+00,1.48468e+00,1.49135e+00,1.49803e+00,1.50472e+00,1.51142e+00,1.51813e+00,1.52485e+00,1.53158e+00,1.53832e+00,1.54507e+00,1.55183e+00,1.55860e+00,1.56538e+00,1.57217e+00,1.57897e+00,1.58578e+00,1.59259e+00,1.59942e+00,1.60626e+00,1.61311e+00,1.61998e+00,1.62685e+00,1.63373e+00,1.64062e+00,1.64752e+00,1.65443e+00,1.66136e+00,1.66829e+00,1.67523e+00
3.48576e-01,3.30678e-01,3.12755e-01,2.94828e-01,2.76887e-01,2.58931e-01,2.40962e-01,2.22978e-01,2.04977e-01,1.86965e-01,1.68939e-01,1.50896e-01,1.32841e-01,1.14771e-01,9.66820e-02,7.85967e-02,6.04953e-02,4.23664e-02,2.42271e-02,6.06817e-03,-1.21251e-02,-3.03071e-02,-4.85115e-02,-6.67295e-02,-8.49618e-02,-1.03207e-01,-1.21456e-01,-1.39733e-01,-1.58010e-01,-1.76308e-01,-1.94626e-01,-2.12959e-01,-2.31305e-01,-2.49667e-01,-2.68020e-01,-2.86398e-01,-3.04798e-01,-3.23211e-01,-3.41652e-01,-3.60064e-01,-3.78538e-01,-3.96994e-01,-4.15464e-01,-4.33942e-01,-4.52447e-01,-4.70991e-01,-4.89497e-01,-5.08017e-01,-5.26564e-01,-5.45181e-01,-5.63773e-01
8.14649e-01,8.14369e-01,8.14092e-01,8.13819e-01,8.13549e-01,8.13281e-01,8.13016e-01,8.12753e-01,8.12493e-01,8.12237e-01,8.11984e-01,8.11733e-01,8.11486e-01,8.11241e-01,8.10999e-01,8.10763e-01,8.10527e-01,8.10294e-01,8.10065e-01,8.09839e-01,8.09615e-01,8.09396e-01,8.09178e-01,8.08965e-01,8.08754e-01,8.08547e-01,8.08342e-01,8.08141e-01,8.07942e-01,8.07748e-01,8.07556e-01,8.07366e-01,8.07179e-01,8.06997e-01,8.06815e-01,8.06638e-01,8.06465e-01,8.06294e-01,8.06126e-01,8.05960e-01,8.05798e-01,8.05640e-01,8.05486e-01,8.05335e-01,8.05187e-01,8.05043e-01,8.04901e-01,8.04763e-01,8.04629e-01,8.04498e-01,8.04370e-01
1.24621e+00,1.25770e+00,1.26920e+00,1.28072e+00,1.29225e+00,1.30379e+00,1.31535e+00,1.32692e+00,1.33851e+00,1.35012e+00,1.36173e+00,1.37337e+00,1.38501e+00,1.39667e+00,1.40835e+00,1.42004e+00,1.43175e+00,1.44347e+00,1.45520e+00,1.46696e+00,1.47872e+00,1.49050e+00,1.50230e+00,1.51411e+00,1.52593e+00,1.53777e+00,1.54963e+00,1.56150e+00,1.57339e+00,1.58529e+00,1.59721e+00,1.60914e+00,1.62108e+00,1.63304e+00,1.64502e+00,1.65701e+00,1.66902e+00,1.68104e+00,1.69308e+00,1.70513e+00,1.71720e+00,1.72928e+00,1.74138e+00,1.75349e+00,1.76562e+00,1.77777e+00,1.78992e+00,1.80210e+00,1.81429e+00,1.82649e+00,1.83872e+00
9.80435e-01,9.85681e-01,9.90935e-01,9.96198e-01,1.00147e+00,1.00675e+00,1.01204e+00,1.01733e+00,1.02264e+00,1.02795e+00,1.03327e+00,1.03861e+00,1.04394e+00,1.04929e+00,1.05465e+00,1.06001e+00,1.06538e+00,1.07077e+00,1.07616e+00,1.08155e+00,1.08696e+00,1.09238e+00,1.09780e+00,1.10324e+00,1.10868e+00,1.11413e+00,1.11959e+00,1.12506e+00,1.13053e+00,1.13602e+00,1.14152e+00,1.14702e+00,1.15253e+00,1.15805e+00,1.16358e+00,1.16912e+00,1.17466e+00,1.18022e+00,1.18578e+00,1.19135e+00,1.19693e+00,1.20253e+00,1.20813e+00,1.21374e+00,1.21935e+00,1.22498e+00,1.23062e+00,1.23626e+00,1.24192e+00,1.24758e+00,1.25325e+00
1.56018e+00,1.57132e+00,1.58247e+00,1.59363e+00,1.60481e+00,1.61600e+00,1.62721e+00,1.63843e+00,1.64966e+00,1.66091e+00,1.67218e+00,1.68346e+00,1.69475e+00,1.70605e+00,1.71737e+00,1.72871e+00,1.74006e+00,1.75142e+00,1.76280e+00,1.77420e+00,1.78561e+00,1.79703e+00,1.80847e+00,1.81992e+00,1.83139e+00,1.84287e+00,1.85437e+00,1.86588e+00,1.87741e+00,1.88895e+00,1.90051e+00,1.91208e+00,1.92366e+00,1.93526e+00,1.94687e+00,1.95850e+00,1.97015e+00,1.98181e+00,1.99348e+00,2.00517e+00,2.01687e+00,2.02859e+00,2.04033e+00,2.05208e+00,2.06384e+00,2.07562e+00,2.08741e+00,2.09922e+00,2.11105e+00,2.12289e+00,2.13475e+00
6.55396e-01,6.55798e-01,6.56204e-01,6.56614e-01,6.57028e-01,6.57445e-01,6.57865e-01,6.58289e-01,6.58715e-01,6.59147e-01,6.59582e-01,6.60020e-01,6.60462e-01,6.60908e-01,6.61357e-01,6.61811e-01,6.62268e-01,6.62728e-01,6.63193e-01,6.63660e-01,6.64132e-01,6.64607e-01,6.65086e-01,6.65569e-01,6.66056e-01,6.66548e-01,6.67042e-01,6.67539e-01,6.68041e-01,6.68547e-01,6.69057e-01,6.69569e-01,6.70086e-01,6.70607e-01,6.71130e-01,6.71658e-01,6.72190e-01,6.72725e-01,6.73264e-01,6.73806e-01,6.74352e-01,6.74904e-01,6.75459e-01,6.76019e-01,6.76582e-01,6.77150e-01,6.77720e-01,6.78296e-01,6.78876e-01,6.79459e-01,6.80046e-01
6.78146e-01,6.78786e-01,6.79431e-01,6.80079e-01,6.80732e-01,6.81388e-01,6.82047e-01,6.82711e-01,6.83377e-01,6.84048e-01,6.84723e-01,6.85402e-01,6.86085e-01,6.86771e-01,6.87462e-01,6.88158e-01,6.88856e-01,6.89558e-01,6.90264e-01,6.90975e-01,6.91688e-01,6.92407e-01,6.93129e-01,6.93855e-01,6.94585e-01,6.95321e-01,6.96059e-01,6.96801e-01,6.97548e-01,6.98299e-01,6.99053e-01,6.99810e-01,7.00573e-01,7.01340e-01,7.02109e-01,7.02883e-01,7.03662e-01,7.04443e-01,7.05229e-01,7.06018e-01,7.06812e-01,7.07611e-01,7.08414e-01,7.09222e-01,7.10034e-01,7.10851e-01,7.11670e-01,7.12495e-01,7.13324e-01,7.14157e-01,7.14994e-01
9.78592e-01,9.83400e-01,9.88218e-01,9.93043e-01,9.97876e-01,1.00272e+00,1.00757e+00,1.01242e+00,1.01729e+00,1.02216e+00,1.02704e+00,1.03193e+00,1.03683e+00,1.04173e+00,1.04664e+00,1.05157e+00,1.05649e+00,1.06143e+00,1.06638e+00,1.07133e+00,1.07629e+00,1.08126e+00,1.08624e+00,1.09123e+00,1.09622e+00,1.10123e+00,1.10624e+00,1.11126e+00,1.11629e+00,1.12132e+00,1.12637e+00,1.13142e+00,1.13648e+00,1.14155e+00,1.14663e+00,1.15171e+00,1.15681e+00,1.16191e+00,1.16702e+00,1.17214e+00,1.17726e+00,1.18240e+00,1.18755e+00,1.19270e+00,1.19786e+00,1.20303e+00,1.20821e+00,1.21340e+00,1.21860e+00,1.22380e+00,1.22902e+00
9.87015e-01,9.94067e-01,1.00113e+00,1.00820e+00,1.01529e+00,1.02238e+00,1.02948e+00,1.03659e+00,1.04372e+00,1.05085e+00,1.05800e+00,1.06515e+00,1.07231e+00,1.07949e+00,1.08667e+00,1.09387e+00,1.10108e+00,1.10829e+00,1.11552e+00,1.12276e+00,1.13000e+00,1.13726e+00,1.14453e+00,1.15181e+00,1.15910e+00,1.16640e+00,1.17371e+00,1.18103e+00,1.18836e+00,1.19570e+00,1.20306e+00,1.21042e+00,1.21780e+00,1.22518e+00,1.23257e+00,1.23998e+00,1.24740e+00,1.25482e+00,1.26226e+00,1.26970e+00,1.27716e+00,1.28463e+00,1.29211e+00,1.29961e+00,1.30711e+00,1.31462e+00,1.32214e+00,1.32968e+00,1.33723e+00,1.34478e+00,1.35235e+00
1.58372e+00,1.58924e+00,1.59477e+00,1.60031e+00,1.60586e+00,1.61142e+00,1.61698e+00,1.62255e+00,1.62813e+00,1.63373e+00,1.63933e+00,1.64494e+00,1.65055e+00,1.65618e+00,1.66181e+00,1.66746e+00,1.67311e+00,1.67877e+00,1.68444e+00,1.69012e+00,1.69581e+00,1.70151e+00,1.70722e+00,1.71293e+00,1.71866e+00,1.72439e+00,1.73013e+00,1.73588e+00,1.74165e+00,1.74742e+00,1.75320e+00,1.75899e+00,1.76479e+00,1.77059e+00,1.77640e+00,1.78223e+00,1.78806e+00,1.79391e+00,1.79976e+00,1.80562e+00,1.81148e+00,1.81736e+00,1.82326e+00,1.82915e+00,1.83506e+00,1.84098e+00,1.84690e+00,1.85283e+00,1.85878e+00,1.86473e+00,1.87070e+00
1.37899e+00,1.38352e+00,1.38805e+00,1.39260e+00,1.39715e+00,1.40170e+00,1.40627e+00,1.41084e+00,1.41542e+00,1.42001e+00,1.42461e+00,1.42922e+00,1.43383e+00,1.43845e+00,1.44307e+00,1.44771e+00,1.45235e+00,1.45701e+00,1.46167e+00,1.46633e+00,1.47101e+00,1.47569e+00,1.48038e+00,1.48508e+00,1.48979e+00,1.49451e+00,1.49923e+00,1.50396e+00,1.50870e+00,1.51345e+00,1.51821e+00,1.52297e+00,1.52774e+00,1.53252e+00,1.53731e+00,1.54210e+00,1.54691e+00,1.55172e+00,1.55654e+00,1.56136e+00,1.56620e+00,1.57104e+00,1.57590e+00,1.58076e+00,1.58563e+00,1.59051e+00,1.59539e+00,1.60029e+00,1.60519e+00,1.61010e+00,1.61502e+00
1.11629e+00,1.11267e+00,1.10904e+00,1.10541e+00,1.10178e+00,1.09815e+00,1.09452e+00,1.09089e+00,1.08726e+00,1.08363e+00,1.08000e+00,1.07637e+00,1.07274e+00,1.06911e+00,1.06547e+00,1.06184e+00,1.05821e+00,1.05458e+00,1.05094e+00,1.04731e+00,1.04367e+00,1.04004e+00,1.03641e+00,1.03277e+00,1.02914e+00,1.02550e+00,1.02187e+00,1.01823e+00,1.01460e+00,1.01096e+00,1.00732e+00,1.00369e+00,1.00005e+00,9.96411e-01,9.92772e-01,9.89133e-01,9.85495e-01,9.81856e-01,9.78216e-01,9.74576e-01,9.70935e-01,9.67296e-01,9.63657e-01,9.60017e-01,9.56378e-01,9.52738e-01,9.49097e-01,9.45458e-01,9.41818e-01,9.38177e-01,9.34536e-01
5.21113e-01,5.27383e-01,5.33661e-01,5.39949e-01,5.46247e-01,5.52554e-01,5.58870e-01,5.65196e-01,5.71529e-01,5.77874e-01,5.84228e-01,5.90591e-01,5.96963e-01,6.03346e-01,6.09737e-01,6.16140e-01,6.22550e-01,6.28970e-01,6.35400e-01,6.41840e-01,6.48288e-01,6.54747e-01,6.61215e-01,6.67693e-01,6.74181e-01,6.80680e-01,6.87187e-01,6.93703e-01,7.00230e-01,7.06767e-01,7.13313e-01,7.19867e-01,7.26432e-01,7.33008e-01,7.39592e-01,7.46186e-01,7.52791e-01,7.59404e-01,7.66028e-01,7.72660e-01,7.79303e-01,7.85956e-01,7.92620e-01,7.99294e-01,8.05978e-01,8.12673e-01,8.19376e-01,8.26090e-01,8.32815e-01,8.39549e-01,8.46293e-01
1.07444e+00,1.07870e+00,1.08296e+00,1.08723e+00,1.09151e+00,1.09580e+00,1.10009e+00,1.10439e+00,1.10870e+00,1.11301e+00,1.11734e+00,1.12167e+00,1.12601e+00,1.13035e+00,1.13470e+00,1.13906e+00,1.14343e+00,1.14781e+00,1.15219e+00,1.15658e+00,1.16098e+00,1.16539e+00,1.16980e+00,1.17422e+00,1.17865e+00,1.18309e+00,1.18753e+00,1.19199e+00,1.19645e+00,1.20091e+00,1.20539e+00,1.20987e+00,1.21437e+00,1.21886e+00,1.22337e+00,1.22788e+00,1.23241e+00,1.23693e+00,1.24147e+00,1.24602e+00,1.25057e+00,1.25513e+00,1.25970e+00,1.26428e+00,1.26886e+00,1.27346e+00,1.27806e+00,1.28267e+00,1.28728e+00,1.29191e+00,1.29654e+00
1.09016e+00,1.10451e+00,1.11887e+00,1.13325e+00,1.14765e+00,1.16207e+00,1.17651e+00,1.19096e+00,1.20543e+00,1.21992e+00,1.23442e+00,1.24894e+00,1.26348e+00,1.27804e+00,1.29261e+00,1.30721e+00,1.32182e+00,1.33644e+00,1.35109e+00,1.36575e+00,1.38043e+00,1.39513e+00,1.40985e+00,1.42458e+00,1.43934e+00,1.45411e+00,1.46890e+00,1.48370e+00,1.49853e+00,1.51337e+00,1.52823e+00,1.54311e+00,1.55801e+00,1.57292e+00,1.58785e+00,1.60280e+00,1.61777e+00,1.63276e+00,1.64776e+00,1.66278e+00,1.67782e+00,1.69288e+00,1.70796e+00,1.72306e+00,1.73817e+00,1.75331e+00,1.76845e+00,1.78362e+00,1.79881e+00,1.81401e+00,1.82924e+00
9.66574e-01,9.81494e-01,9.96433e-01,1.01139e+00,1.02637e+00,1.04136e+00,1.05637e+00,1.07140e+00,1.08644e+00,1.10151e+00,1.11659e+00,1.13169e+00,1.14681e+00,1.16195e+00,1.17710e+00,1.19227e+00,1.20746e+00,1.22267e+00,1.23790e+00,1.25315e+00,1.26841e+00,1.28370e+00,1.29900e+00,1.31432e+00,1.32966e+00,1.34501e+00,1.36039e+00,1.37578e+00,1.39119e+00,1.40663e+00,1.42208e+00,1.43754e+00,1.45303e+00,1.46853e+00,1.48406e+00,1.49960e+00,1.51516e+00,1.53074e+00,1.54634e+00,1.56195e+00,1.57759e+00,1.59324e+00,1.60892e+00,1.62461e+00,1.64032e+00,1.65605e+00,1.67180e+00,1.68757e+00,1.70336e+00,1.71917e+00,1.73499e+00
1.79721e-01,1.83731e-01,1.87737e-01,1.91761e-01,1.95792e-01,1.99830e-01,2.03878e-01,2.07931e-01,2.11989e-01,2.16057e-01,2.20133e-01,2.24213e-01,2.28304e-01,2.32401e-01,2.36502e-01,2.40614e-01,2.44730e-01,2.48856e-01,2.52983e-01,2.57122e-01,2.61268e-01,2.65419e-01,2.69580e-01,2.73748e-01,2.77924e-01,2.82109e-01,2.86299e-01,2.90496e-01,2.94697e-01,2.98910e-01,3.03129e-01,3.07355e-01,3.11592e-01,3.15837e-01,3.20085e-01,3.24342e-01,3.28608e-01,3.32879e-01,3.37158e-01,3.41453e-01,3.45746e-01,3.50047e-01,3.54356e-01,3.58674e-01,3.62999e-01,3.67332e-01,3.71672e-01,3.76019e-01,3.80375e-01,3.84740e-01,3.89112e-01
1.20207e+00,1.20148e+00,1.20089e+00,1.20031e+00,1.19973e+00,1.19915e+00,1.19857e+00,1.19800e+00,1.19742e+00,1.19686e+00,1.19629e+00,1.19573e+00,1.19517e+00,1.19461e+00,1.19406e+00,1.19350e+00,1.19295e+00,1.19241e+00,1.19186e+00,1.19132e+00,1.19078e+00,1.19025e+00,1.18972e+00,1.18919e+00,1.18866e+00,1.18814e+00,1.18761e+00,1.18709e+00,1.18658e+00,1.18607e+00,1.18556e+00,1.18505e+00,1.18455e+00,1.18404e+00,1.18354e+00,1.18305e+00,1.18255e+00,1.18206e+00,1.18157e+00,1.18109e+00,1.18061e+00,1.18013e+00,1.17965e+00,1.17918e+00,1.17871e+00,1.17824e+00,1.17778e+00,1.17732e+00,1.17686e+00,1.17641e+00,1.17595e+00
1.53522e+00,1.53232e+00,1.52942e+00,1.52653e+00,1.52363e+00,1.52074e+00,1.51784e+00,1.51495e+00,1.51205e+00,1.50916e+00,1.50627e+00,1.50338e+00,1.50048e+00,1.49759e+00,1.49470e+00,1.49181e+00,1.48892e+00,1.48603e+00,1.48314e+00,1.48025e+00,1.47736e+00,1.47448e+00,1.47159e+00,1.46870e+00,1.46582e+00,1.46293e+00,1.46005e+00,1.45716e+00,1.45428e+00,1.45139e+00,1.44851e+00,1.44563e+00,1.44275e+00,1.43986e+00,1.43698e+00,1.43410e+00,1.43122e+00,1.42834e+00,1.42546e+00,1.42258e+00,1.41970e+00,1.41683e+00,1.41395e+00,1.41107e+00,1.40820e+00,1.40533e+00,1.40245e+00,1.39958e+00,1.39671e+00,1.39383e+00,1.39096e+00
1.15931e+00,1.16666e+00,1.17403e+00,1.18141e+00,1.18880e+00,1.19620e+00,1.20360e+00,1.21102e+00,1.21845e+00,1.22589e+00,1.23334e+00,1.24080e+00,1.24828e+00,1.25576e+00,1.26325e+00,1.27075e+00,1.27827e+00,1.28579e+00,1.29333e+00,1.30088e+00,1.30843e+00,1.31600e+00,1.32358e+00,1.33117e+00,1.33877e+00,1.34638e+00,1.35401e+00,1.36164e+00,1.36928e+00,1.37694e+00,1.38460e+00,1.39228e+00,1.39997e+00,1.40767e+00,1.41538e+00,1.42310e+00,1.43083e+00,1.43857e+00,1.44632e+00,1.45408e+00,1.46186e+00,1.46965e+00,1.47744e+00,1.48525e+00,1.49307e+00,1.50090e+00,1.50875e+00,1.51660e+00,1.52447e+00,1.53234e+00,1.54023e+00
8.22121e-01,8.25684e-01,8.29253e-01,8.32830e-01,8.36414e-01,8.40004e-01,8.43601e-01,8.47203e-01,8.50813e-01,8.54430e-01,8.58054e-01,8.61684e-01,8.65321e-01,8.68965e-01,8.72615e-01,8.76274e-01,8.79939e-01,8.83610e-01,8.87288e-01,8.90974e-01,8.94665e-01,8.98365e-01,9.02071e-01,9.05784e-01,9.09504e-01,9.13232e-01,9.16966e-01,9.20707e-01,9.24455e-01,9.28211e-01,9.31973e-01,9.35741e-01,9.39518e-01,9.43301e-01,9.47089e-01,9.50885e-01,9.54690e-01,9.58500e-01,9.62317e-01,9.66141e-01,9.69972e-01,9.73812e-01,9.77659e-01,9.81514e-01,9.85376e-01,9.89245e-01,9.93120e-01,9.97003e-01,1.00089e+00,1.00479e+00,1.00870e+00
1.23239e+00,1.23214e+00,1.23190e+00,1.23166e+00,1.23142e+00,1.23119e+00,1.23096e+00,1.23073e+00,1.23051e+00,1.23028e+00,1.23007e+00,1.22985e+00,1.22964e+00,1.22943e+00,1.22922e+00,1.22902e+00,1.22882e+00,1.22862e+00,1.22843e+00,1.22824e+00,1.22805e+00,1.22787e+00,1.22768e+00,1.22751e+00,1.22733e+00,1.22716e+00,1.22699e+00,1.22683e+00,1.22666e+00,1.22650e+00,1.22635e+00,1.22620e+00,1.22605e+00,1.22590e+00,1.22576e+00,1.22561e+00,1.22548e+00,1.22534e+00,1.22521e+00,1.22508e+00,1.22496e+00,1.22484e+00,1.22472e+00,1.22461e+00,1.22450e+00,1.22439e+00,1.22429e+00,1.22419e+00,1.22409e+00,1.22399e+00,1.22390e+00
3.98721e-01,4.01531e-01,4.04355e-01,4.07176e-01,4.10004e-01,4.12837e-01,4.15676e-01,4.18521e-01,4.21371e-01,4.24230e-01,4.27092e-01,4.29961e-01,4.32837e-01,4.35719e-01,4.38605e-01,4.41500e-01,4.44399e-01,4.47304e-01,4.50215e-01,4.53133e-01,4.56057e-01,4.58986e-01,4.61922e-01,4.64864e-01,4.67812e-01,4.70769e-01,4.73729e-01,4.76695e-01,4.79668e-01,4.82648e-01,4.85633e-01,4.88623e-01,4.91622e-01,4.94628e-01,4.97635e-01,5.00652e-01,5.03673e-01,5.06701e-01,5.09735e-01,5.12775e-01,5.15821e-01,5.18876e-01,5.21936e-01,5.25004e-01,5.28077e-01,5.31158e-01,5.34243e-01,5.37336e-01,5.40436e-01,5.43542e-01,5.46654e-01
1.21097e+00,1.20794e+00,1.20491e+00,1.20188e+00,1.19886e+00,1.19583e+00,1.19280e+00,1.18977e+00,1.18675e+00,1.18372e+00,1.18070e+00,1.17767e+00,1.17465e+00,1.17162e+00,1.16860e+00,1.16557e+00,1.16255e+00,1.15952e+00,1.15650e+00,1.15348e+00,1.15045e+00,1.14743e+00,1.14441e+00,1.14139e+00,1.13837e+00,1.13535e+00,1.13233e+00,1.12931e+00,1.12629e+00,1.12327e+00,1.12025e+00,1.11723e+00,1.11421e+00,1.11119e+00,1.10817e+00,1.10515e+00,1.10214e+00,1.09912e+00,1.09610e+00,1.09309e+00,1.09007e+00,1.08705e+00,1.08404e+00,1.08102e+00,1.07801e+00,1.07500e+00,1.07198e+00,1.06897e+00,1.06596e+00,1.06295e+00,1.05994e+00
7.43388e-01,7.53081e-01,7.62786e-01,7.72504e-01,7.82236e-01,7.91980e-01,8.01736e-01,8.11504e-01,8.21285e-01,8.31080e-01,8.40888e-01,8.50708e-01,8.60541e-01,8.70388e-01,8.80246e-01,8.90120e-01,9.00004e-01,9.09902e-01,9.19814e-01,9.29738e-01,9.39675e-01,9.49626e-01,9.59589e-01,9.69565e-01,9.79555e-01,9.89559e-01,9.99575e-01,1.00960e+00,1.01965e+00,1.02970e+00,1.03977e+00,1.04985e+00,1.05995e+00,1.07006e+00,1.08018e+00,1.09031e+00,1.10046e+00,1.11062e+00,1.12080e+00,1.13098e+00,1.14119e+00,1.15140e+00,1.16163e+00,1.17187e+00,1.18213e+00,1.19240e+00,1.20268e+00,1.21298e+00,1.22329e+00,1.23361e+00,1.24395e+00
9.50732e-01,9.49177e-01,9.47623e-01,9.46072e-01,9.44522e-01,9.42974e-01,9.41427e-01,9.39881e-01,9.38337e-01,9.36796e-01,9.35256e-01,9.33718e-01,9.32181e-01,9.30646e-01,9.29112e-01,9.27582e-01,9.26052e-01,9.24524e-01,9.22998e-01,9.21474e-01,9.19951e-01,9.18431e-01,9.16912e-01,9.15395e-01,9.13879e-01,9.12367e-01,9.10855e-01,9.09345e-01,9.07838e-01,9.06333e-01,9.04829e-01,9.03326e-01,9.01826e-01,9.00327e-01,8.98828e-01,8.97333e-01,8.95840e-01,8.94348e-01,8.92857e-01,8.91368e-01,8.89880e-01,8.88397e-01,8.86915e-01,8.85435e-01,8.83957e-01,8.82481e-01,8.81006e-01,8.79535e-01,8.78065e-01,8.76597e-01,8.75131e-01
1.75224e+00,1.76819e+00,1.78416e+00,1.80014e+00,1.81615e+00,1.83218e+00,1.84822e+00,1.86428e+00,1.88036e+00,1.89647e+00,1.91259e+00,1.92873e+00,1.94489e+00,1.96106e+00,1.97726e+00,1.99348e+00,2.00971e+00,2.02597e+00,2.04224e+00,2.05854e+00,2.07485e+00,2.09118e+00,2.10754e+00,2.12391e+00,2.14030e+00,2.15671e+00,2.17314e+00,2.18959e+00,2.20606e+00,2.22255e+00,2.23907e+00,2.25560e+00,2.27215e+00,2.28872e+00,2.30531e+00,2.32192e+00,2.33855e+00,2.35520e+00,2.37186e+00,2.38855e+00,2.40526e+00,2.42199e+00,2.43874e+00,2.45550e+00,2.47229e+00,2.48910e+00,2.50592e+00,2.52277e+00,2.53964e+00,2.55652e+00,2.57344e+00
1.24111e+00,1.24835e+00,1.25560e+00,1.26285e+00,1.27012e+00,1.27740e+00,1.28469e+00,1.29199e+00,1.29929e+00,1.30661e+00,1.31395e+00,1.32129e+00,1.32864e+00,1.33600e+00,1.34337e+00,1.35075e+00,1.35814e+00,1.36555e+00,1.37296e+00,1.38039e+00,1.38782e+00,1.39527e+00,1.40273e+00,1.41019e+00,1.41767e+00,1.42516e+00,1.43266e+00,1.44017e+00,1.44770e+00,1.45523e+00,1.46277e+00,1.47033e+00,1.47789e+00,1.48546e+00,1.49305e+00,1.50065e+00,1.50826e+00,1.51587e+00,1.52350e+00,1.53114e+00,1.53879e+00,1.54645e+00,1.55413e+00,1.56181e+00,1.56951e+00,1.57722e+00,1.58493e+00,1.59266e+00,1.60040e+00,1.60815e+00,1.61592e+00
1.01317e+00,1.02209e+00,1.03101e+00,1.03995e+00,1.04890e+00,1.05786e+00,1.06683e+00,1.07582e+00,1.08481e+00,1.09382e+00,1.10285e+00,1.11188e+00,1.12093e+00,1.12998e+00,1.13905e+00,1.14814e+00,1.15723e+00,1.16634e+00,1.17546e+00,1.18459e+00,1.19373e+00,1.20289e+00,1.21206e+00,1.22124e+00,1.23043e+00,1.23964e+00,1.24885e+00,1.25808e+00,1.26733e+00,1.27658e+00,1.28585e+00,1.29513e+00,1.30442e+00,1.31373e+00,1.32305e+00,1.33237e+00,1.34172e+00,1.35107e+00,1.36044e+00,1.36982e+00,1.37921e+00,1.38862e+00,1.39804e+00,1.40747e+00,1.41691e+00,1.42637e+00,1.43584e+00,1.44532e+00,1.45482e+00,1.46432e+00,1.47385e+00
1.09539e+00,1.08750e+00,1.07961e+00,1.07171e+00,1.06380e+00,1.05589e+00,1.04798e+00,1.04006e+00,1.03214e+00,1.02421e+00,1.01628e+00,1.00834e+00,1.00040e+00,9.92455e-01,9.84505e-01,9.76551e-01,9.68591e-01,9.60627e-01,9.52659e-01,9.44686e-01,9.36709e-01,9.28727e-01,9.20740e-01,9.12749e-01,9.04753e-01,8.96755e-01,8.88750e-01,8.80740e-01,8.72726e-01,8.64709e-01,8.56686e-01,8.48657e-01,8.40625e-01,8.32589e-01,8.24545e-01,8.16499e-01,8.08449e-01,8.00392e-01,7.92331e-01,7.84264e-01,7.76194e-01,7.68120e-01,7.60041e-01,7.51959e-01,7.43871e-01,7.35779e-01,7.27682e-01,7.19581e-01,7.11476e-01,7.03366e-01,6.95250e-01
6.39916e-01,6.44221e-01,6.48532e-01,6.52851e-01,6.57179e-01,6.61513e-01,6.65854e-01,6.70203e-01,6.74559e-01,6.78923e-01,6.83294e-01,6.87673e-01,6.92059e-01,6.96453e-01,7.00854e-01,7.05265e-01,7.09681e-01,7.14105e-01,7.18538e-01,7.22977e-01,7.27424e-01,7.31879e-01,7.36341e-01,7.40811e-01,7.45289e-01,7.49776e-01,7.54269e-01,7.58770e-01,7.63279e-01,7.67796e-01,7.72321e-01,7.76852e-01,7.81391e-01,7.85939e-01,7.90493e-01,7.95056e-01,7.99627e-01,8.04205e-01,8.08790e-01,8.13383e-01,8.17984e-01,8.22594e-01,8.27212e-01,8.31839e-01,8.36473e-01,8.41116e-01,8.45765e-01,8.50424e-01,8.55091e-01,8.59765e-01,8.64447e-01
1.23152e+00,1.24212e+00,1.25273e+00,1.26336e+00,1.27400e+00,1.28465e+00,1.29531e+00,1.30599e+00,1.31669e+00,1.32739e+00,1.33812e+00,1.34885e+00,1.35960e+00,1.37036e+00,1.38114e+00,1.39193e+00,1.40273e+00,1.41355e+00,1.42438e+00,1.43523e+00,1.44609e+00,1.45696e+00,1.46785e+00,1.47875e+00,1.48967e+00,1.50060e+00,1.51155e+00,1.52251e+00,1.53348e+00,1.54447e+00,1.55547e+00,1.56649e+00,1.57752e+00,1.58856e+00,1.59962e+00,1.61069e+00,1.62178e+00,1.63288e+00,1.64399e+00,1.65512e+00,1.66627e+00,1.67742e+00,1.68860e+00,1.69979e+00,1.71099e+00,1.72221e+00,1.73343e+00,1.74468e+00,1.75594e+00,1.76721e+00,1.77851e+00
1.07833e+00,1.07183e+00,1.06533e+00,1.05883e+00,1.05233e+00,1.04582e+00,1.03931e+00,1.03279e+00,1.02627e+00,1.01975e+00,1.01323e+00,1.00670e+00,1.00017e+00,9.93637e-01,9.87100e-01,9.80561e-01,9.74017e-01,9.67471e-01,9.60922e-01,9.54369e-01,9.47813e-01,9.41254e-01,9.34692e-01,9.28127e-01,9.21558e-01,9.14988e-01,9.08413e-01,9.01835e-01,8.95254e-01,8.88671e-01,8.82084e-01,8.75492e-01,8.68899e-01,8.62302e-01,8.55700e-01,8.49097e-01,8.42491e-01,8.35880e-01,8.29266e-01,8.22648e-01,8.16027e-01,8.09405e-01,8.02779e-01,7.96151e-01,7.89519e-01,7.82884e-01,7.76245e-01,7.69605e-01,7.62961e-01,7.56313e-01,7.49663e-01
1.29261e+00,1.29320e+00,1.29379e+00,1.29439e+00,1.29499e+00,1.29560e+00,1.29621e+00,1.29682e+00,1.29744e+00,1.29806e+00,1.29868e+00,1.29931e+00,1.29994e+00,1.30058e+00,1.30122e+00,1.30186e+00,1.30251e+00,1.30316e+00,1.30382e+00,1.30448e+00,1.30514e+00,1.30581e+00,1.30648e+00,1.30716e+00,1.30784e+00,1.30852e+00,1.30921e+00,1.30990e+00,1.31060e+00,1.31130e+00,1.31200e+00,1.31271e+00,1.31342e+00,1.31414e+00,1.31486e+00,1.31558e+00,1.31631e+00,1.31704e+00,1.31778e+00,1.31852e+00,1.31926e+00,1.32001e+00,1.32076e+00,1.32152e+00,1.32228e+00,1.32305e+00,1.32381e+00,1.32459e+00,1.32537e+00,1.32615e+00,1.32694e+00
6.79827e-01,6.82803e-01,6.85785e-01,6.88773e-01,6.91768e-01,6.94769e-01,6.97775e-01,7.00788e-01,7.03805e-01,7.06831e-01,7.09862e-01,7.12899e-01,7.15943e-01,7.18992e-01,7.22048e-01,7.25112e-01,7.28180e-01,7.31255e-01,7.34336e-01,7.37423e-01,7.40517e-01,7.43617e-01,7.46723e-01,7.49836e-01,7.52955e-01,7.56082e-01,7.59213e-01,7.62352e-01,7.65496e-01,7.68648e-01,7.71806e-01,7.74969e-01,7.78138e-01,7.81315e-01,7.84497e-01,7.87686e-01,7.90882e-01,7.94084e-01,7.97292e-01,8.00505e-01,8.03726e-01,8.06955e-01,8.10190e-01,8.13432e-01,8.16680e-01,8.19936e-01,8.23196e-01,8.26465e-01,8.29741e-01,8.33022e-01,8.36310e-01
5.95690e-01,5.84526e-01,5.73353e-01,5.62174e-01,5.50987e-01,5.39792e-01,5.28588e-01,5.17377e-01,5.06157e-01,4.94932e-01,4.83698e-01,4.72455e-01,4.61205e-01,4.49947e-01,4.38680e-01,4.27408e-01,4.16126e-01,4.04836e-01,3.93538e-01,3.82234e-01,3.70920e-01,3.59598e-01,3.48269e-01,3.36932e-01,3.25587e-01,3.14237e-01,3.02875e-01,2.91506e-01,2.80126e-01,2.68741e-01,2.57348e-01,2.45949e-01,2.34543e-01,2.23130e-01,2.11705e-01,2.00272e-01,1.88835e-01,1.77386e-01,1.65929e-01,1.54450e-01,1.42978e-01,1.31495e-01,1.20008e-01,1.08513e-01,9.70077e-02,8.54962e-02,7.39752e-02,6.24432e-02,5.09071e-02,3.93649e-02,2.78171e-02
5.53771e-01,5.59449e-01,5.65135e-01,5.70830e-01,5.76534e-01,5.82247e-01,5.87968e-01,5.93698e-01,5.99436e-01,6.05184e-01,6.10941e-01,6.16706e-01,6.22480e-01,6.28263e-01,6.34055e-01,6.39858e-01,6.45667e-01,6.51486e-01,6.57315e-01,6.63151e-01,6.68997e-01,6.74852e-01,6.80716e-01,6.86589e-01,6.92472e-01,6.98365e-01,7.04265e-01,7.10174e-01,7.16093e-01,7.22021e-01,7.27958e-01,7.33903e-01,7.39858e-01,7.45823e-01,7.51795e-01,7.57778e-01,7.63770e-01,7.69770e-01,7.75779e-01,7.81797e-01,7.87825e-01,7.93863e-01,7.99911e-01,8.05968e-01,8.12035e-01,8.18111e-01,8.24195e-01,8.30290e-01,8.36395e-01,8.42509e-01,8.48632e-01
9.24119e-01,9.35470e-01,9.46836e-01,9.58217e-01,9.69612e-01,9.81021e-01,9.92445e-01,1.00388e+00,1.01533e+00,1.02680e+00,1.03828e+00,1.04978e+00,1.06129e+00,1.07281e+00,1.08435e+00,1.09591e+00,1.10748e+00,1.11906e+00,1.13066e+00,1.14227e+00,1.15390e+00,1.16554e+00,1.17720e+00,1.18887e+00,1.20056e+00,1.21226e+00,1.22398e+00,1.23571e+00,1.24746e+00,1.25922e+00,1.27100e+00,1.28279e+00,1.29459e+00,1.30641e+00,1.31825e+00,1.33010e+00,1.34197e+00,1.35385e+00,1.36574e+00,1.37765e+00,1.38958e+00,1.40152e+00,1.41348e+00,1.42545e+00,1.43744e+00,1.44944e+00,1.46146e+00,1.47349e+00,1.48554e+00,1.49761e+00,1.50969e+00
8.15002e-01,8.09189e-01,8.03374e-01,7.97557e-01,7.91738e-01,7.85916e-01,7.80090e-01,7.74262e-01,7.68431e-01,7.62598e-01,7.56763e-01,7.50925e-01,7.45085e-01,7.39242e-01,7.33396e-01,7.27550e-01,7.21699e-01,7.15846e-01,7.09991e-01,7.04133e-01,6.98272e-01,6.92409e-01,6.86544e-01,6.80676e-01,6.74806e-01,6.68935e-01,6.63059e-01,6.57181e-01,6.51300e-01,6.45418e-01,6.39533e-01,6.33644e-01,6.27754e-01,6.21862e-01,6.15965e-01,6.10066e-01,6.04166e-01,5.98262e-01,5.92356e-01,5.86446e-01,5.80534e-01,5.74621e-01,5.68705e-01,5.62788e-01,5.56867e-01,5.50945e-01,5.45019e-01,5.39091e-01,5.33162e-01,5.27230e-01,5.21294e-01
1.56875e+00,1.57578e+00,1.58282e+00,1.58987e+00,1.59693e+00,1.60400e+00,1.61108e+00,1.61817e+00,1.62527e+00,1.63238e+00,1.63950e+00,1.64664e+00,1.65378e+00,1.66093e+00,1.66809e+00,1.67526e+00,1.68244e+00,1.68964e+00,1.69684e+00,1.70406e+00,1.71128e+00,1.71852e+00,1.72576e+00,1.73302e+00,1.74029e+00,1.74756e+00,1.75485e+00,1.76215e+00,1.76946e+00,1.77678e+00,1.78411e+00,1.79146e+00,1.79881e+00,1.80617e+00,1.81354e+00,1.82092e+00,1.82832e+00,1.83572e+00,1.84314e+00,1.85056e+00,1.85800e+00,1.86545e+00,1.87291e+00,1.88038e+00,1.88786e+00,1.89535e+00,1.90285e+00,1.91036e+00,1.91789e+00,1.92542e+00,1.93297e+00
1.13636e+00,1.12633e+00,1.11630e+00,1.10627e+00,1.09622e+00,1.08617e+00,1.07611e+00,1.06605e+00,1.05598e+00,1.04590e+00,1.03582e+00,1.02573e+00,1.01563e+00,1.00552e+00,9.95413e-01,9.85296e-01,9.75172e-01,9.65040e-01,9.54903e-01,9.44759e-01,9.34607e-01,9.24450e-01,9.14285e-01,9.04114e-01,8.93936e-01,8.83753e-01,8.73561e-01,8.63363e-01,8.53158e-01,8.42948e-01,8.32730e-01,8.22504e-01,8.12272e-01,8.02033e-01,7.91786e-01,7.81534e-01,7.71275e-01,7.61008e-01,7.50735e-01,7.40453e-01,7.30166e-01,7.19873e-01,7.09573e-01,6.99266e-01,6.88953e-01,6.78634e-01,6.68306e-01,6.57973e-01,6.47633e-01,6.37286e-01,6.26932e-01
2.07653e+00,2.08017e+00,2.08381e+00,2.08746e+00,2.09112e+00,2.09479e+00,2.09846e+00,2.10214e+00,2.10583e+00,2.10952e+00,2.11322e+00,2.11692e+00,2.12063e+00,2.12435e+00,2.12808e+00,2.13181e+00,2.13555e+00,2.13930e+00,2.14305e+00,2.14681e+00,2.15058e+00,2.15436e+00,2.15814e+00,2.16193e+00,2.16573e+00,2.16953e+00,2.17334e+00,2.17716e+00,2.18099e+00,2.18482e+00,2.18866e+00,2.19251e+00,2.19637e+00,2.20023e+00,2.20410e+00,2.20798e+00,2.21186e+00,2.21575e+00,2.21965e+00,2.22355e+00,2.22747e+00,2.23139e+00,2.23532e+00,2.23925e+00,2.24319e+00,2.24714e+00,2.25110e+00,2.25506e+00,2.25903e+00,2.26301e+00,2.26700e+00
9.40892e-01,9.27640e-01,9.14379e-01,9.01108e-01,8.87828e-01,8.74538e-01,8.61237e-01,8.47926e-01,8.34604e-01,8.21275e-01,8.07935e-01,7.94585e-01,7.81225e-01,7.67855e-01,7.54474e-01,7.41086e-01,7.27686e-01,7.14276e-01,7.00857e-01,6.87428e-01,6.73988e-01,6.60539e-01,6.47079e-01,6.33610e-01,6.20131e-01,6.06643e-01,5.93144e-01,5.79634e-01,5.66115e-01,5.52586e-01,5.39046e-01,5.25496e-01,5.11937e-01,4.98369e-01,4.84787e-01,4.71197e-01,4.57595e-01,4.43984e-01,4.30364e-01,4.16726e-01,4.03084e-01,3.89432e-01,3.75771e-01,3.62101e-01,3.48420e-01,3.34730e-01,3.21028e-01,3.07315e-01,2.93595e-01,2.79865e-01,2.66124e-01
1.09989e+00,1.11416e+00,1.12846e+00,1.14277e+00,1.15710e+00,1.17145e+00,1.18581e+00,1.20019e+00,1.21459e+00,1.22900e+00,1.24344e+00,1.25789e+00,1.27235e+00,1.28684e+00,1.30134e+00,1.31586e+00,1.33040e+00,1.34496e+00,1.35953e+00,1.37412e+00,1.38873e+00,1.40336e+00,1.41800e+00,1.43266e+00,1.44734e+00,1.46204e+00,1.47675e+00,1.49149e+00,1.50624e+00,1.52101e+00,1.53580e+00,1.55060e+00,1.56543e+00,1.58026e+00,1.59512e+00,1.61000e+00,1.62490e+00,1.63981e+00,1.65474e+00,1.66969e+00,1.68465e+00,1.69964e+00,1.71464e+00,1.72967e+00,1.74471e+00,1.75977e+00,1.77484e+00,1.78993e+00,1.80505e+00,1.82018e+00,1.83533e+00
7.86872e-01,7.93716e-01,8.00570e-01,8.07434e-01,8.14309e-01,8.21193e-01,8.28086e-01,8.34989e-01,8.41902e-01,8.48826e-01,8.55760e-01,8.62704e-01,8.69657e-01,8.76621e-01,8.83595e-01,8.90580e-01,8.97574e-01,9.04578e-01,9.11593e-01,9.18618e-01,9.25652e-01,9.32698e-01,9.39753e-01,9.46819e-01,9.53895e-01,9.60982e-01,9.68079e-01,9.75186e-01,9.82303e-01,9.89432e-01,9.96570e-01,1.00372e+00,1.01088e+00,1.01805e+00,1.02522e+00,1.03241e+00,1.03961e+00,1.04682e+00,1.05404e+00,1.06127e+00,1.06851e+00,1.07577e+00,1.08303e+00,1.09030e+00,1.09759e+00,1.10488e+00,1.11219e+00,1.11951e+00,1.12683e+00,1.13417e+00,1.14152e+00
5.09691e-01,5.11927e-01,5.14168e-01,5.16416e-01,5.18669e-01,5.20927e-01,5.23190e-01,5.25458e-01,5.27731e-01,5.30011e-01,5.32296e-01,5.34586e-01,5.36882e-01,5.39183e-01,5.41489e-01,5.43803e-01,5.46121e-01,5.48444e-01,5.50773e-01,5.53107e-01,5.55446e-01,5.57792e-01,5.60143e-01,5.62500e-01,5.64862e-01,5.67232e-01,5.69605e-01,5.71983e-01,5.74368e-01,5.76759e-01,5.79155e-01,5.81555e-01,5.83963e-01,5.86377e-01,5.88794e-01,5.91218e-01,5.93648e-01,5.96082e-01,5.98523e-01,6.00968e-01,6.03419e-01,6.05878e-01,6.08342e-01,6.10813e-01,6.13289e-01,6.15771e-01,6.18258e-01,6.20752e-01,6.23252e-01,6.25758e-01,6.28269e-01
9.47738e-01,9.42899e-01,9.38059e-01,9.33217e-01,9.28375e-01,9.23531e-01,9.18684e-01,9.13836e-01,9.08985e-01,9.04135e-01,8.99283e-01,8.94429e-01,8.89573e-01,8.84715e-01,8.79856e-01,8.74998e-01,8.70135e-01,8.65272e-01,8.60408e-01,8.55541e-01,8.50673e-01,8.45804e-01,8.40933e-01,8.36061e-01,8.31187e-01,8.26314e-01,8.21437e-01,8.16558e-01,8.11679e-01,8.06798e-01,8.01916e-01,7.97031e-01,7.92144e-01,7.87257e-01,7.82367e-01,7.77476e-01,7.72585e-01,7.67690e-01,7.62795e-01,7.57896e-01,7.52997e-01,7.48098e-01,7.43197e-01,7.38295e-01,7.33392e-01,7.28487e-01,7.23580e-01,7.18673e-01,7.13764e-01,7.08854e-01,7.03941e-01
1.06489e+00,1.08066e+00,1.09644e+00,1.11224e+00,1.12807e+00,1.14391e+00,1.15977e+00,1.17565e+00,1.19154e+00,1.20746e+00,1.22339e+00,1.23935e+00,1.25532e+00,1.27131e+00,1.28732e+00,1.30335e+00,1.31940e+00,1.33547e+00,1.35156e+00,1.36766e+00,1.38379e+00,1.39994e+00,1.41610e+00,1.43228e+00,1.44849e+00,1.46471e+00,1.48095e+00,1.49721e+00,1.51349e+00,1.52979e+00,1.54611e+00,1.56245e+00,1.57881e+00,1.59518e+00,1.61158e+00,1.62800e+00,1.64444e+00,1.66089e+00,1.67736e+00,1.69386e+00,1.71037e+00,1.72691e+00,1.74346e+00,1.76004e+00,1.77663e+00,1.79324e+00,1.80987e+00,1.82653e+00,1.84320e+00,1.85989e+00,1.87661e+00
1.35407e+00,1.37705e+00,1.40006e+00,1.42310e+00,1.44616e+00,1.46925e+00,1.49236e+00,1.51550e+00,1.53866e+00,1.56186e+00,1.58507e+00,1.60832e+00,1.63159e+00,1.65488e+00,1.67820e+00,1.70155e+00,1.72493e+00,1.74833e+00,1.77175e+00,1.79521e+00,1.81869e+00,1.84220e+00,1.86573e+00,1.88929e+00,1.91287e+00,1.93649e+00,1.96013e+00,1.98379e+00,2.00749e+00,2.03121e+00,2.05496e+00,2.07873e+00,2.10253e+00,2.12636e+00,2.15021e+00,2.17409e+00,2.19801e+00,2.22194e+00,2.24590e+00,2.26989e+00,2.29390e+00,2.31795e+00,2.34202e+00,2.36612e+00,2.39025e+00,2.41440e+00,2.43857e+00,2.46278e+00,2.48702e+00,2.51128e+00,2.53557e+00
3.90766e-01,3.74552e-01,3.58327e-01,3.42087e-01,3.25835e-01,3.09569e-01,2.93291e-01,2.77001e-01,2.60695e-01,2.44380e-01,2.28052e-01,2.11709e-01,1.95355e-01,1.78989e-01,1.62605e-01,1.46224e-01,1.29816e-01,1.13397e-01,9.69664e-02,8.05212e-02,6.40619e-02,4.75943e-02,3.11089e-02,1.46114e-02,-1.89964e-03,-1.84213e-02,-3.49479e-02,-5.14983e-02,-6.80500e-02,-8.46185e-02,-1.01192e-01,-1.17791e-01,-1.34402e-01,-1.51026e-01,-1.67666e-01,-1.84321e-01,-2.00980e-01,-2.17651e-01,-2.34346e-01,-2.51025e-01,-2.67749e-01,-2.84461e-01,-3.01196e-01,-3.17937e-01,-3.34694e-01,-3.51480e-01,-3.68241e-01,-3.85011e-01,-4.01805e-01,-4.18639e-01,-4.35469e-01
1.04662e+00,1.06199e+00,1.07738e+00,1.09279e+00,1.10822e+00,1.12366e+00,1.13913e+00,1.15461e+00,1.17011e+00,1.18563e+00,1.20117e+00,1.21672e+00,1.23230e+00,1.24789e+00,1.26350e+00,1.27913e+00,1.29478e+00,1.31045e+00,1.32614e+00,1.34184e+00,1.35757e+00,1.37331e+00,1.38907e+00,1.40485e+00,1.42065e+00,1.43647e+00,1.45231e+00,1.46817e+00,1.48404e+00,1.49994e+00,1.51585e+00,1.53179e+00,1.54774e+00,1.56371e+00,1.57970e+00,1.59571e+00,1.61174e+00,1.62778e+00,1.64385e+00,1.65993e+00,1.67604e+00,1.69216e+00,1.70831e+00,1.72447e+00,1.74065e+00,1.75686e+00,1.77307e+00,1.78931e+00,1.80558e+00,1.82185e+00,1.83816e+00
9.57276e-01,9.76475e-01,9.95696e-01,1.01494e+00,1.03421e+00,1.05349e+00,1.07280e+00,1.09213e+00,1.11149e+00,1.13086e+00,1.15026e+00,1.16968e+00,1.18913e+00,1.20859e+00,1.22808e+00,1.24759e+00,1.26713e+00,1.28668e+00,1.30626e+00,1.32586e+00,1.34548e+00,1.36513e+00,1.38480e+00,1.40449e+00,1.42420e+00,1.44394e+00,1.46370e+00,1.48349e+00,1.50329e+00,1.52312e+00,1.54297e+00,1.56285e+00,1.58275e+00,1.60266e+00,1.62261e+00,1.64257e+00,1.66256e+00,1.68258e+00,1.70261e+00,1.72267e+00,1.74275e+00,1.76285e+00,1.78298e+00,1.80314e+00,1.82331e+00,1.84351e+00,1.86373e+00,1.88397e+00,1.90424e+00,1.92453e+00,1.94485e+00
1.04568e+00,1.05207e+00,1.05847e+00,1.06487e+00,1.07129e+00,1.07772e+00,1.08416e+00,1.09060e+00,1.09706e+00,1.10353e+00,1.11000e+00,1.11649e+00,1.12298e+00,1.12949e+00,1.13600e+00,1.14252e+00,1.14906e+00,1.15560e+00,1.16215e+00,1.16871e+00,1.17529e+00,1.18187e+00,1.18846e+00,1.19506e+00,1.20167e+00,1.20830e+00,1.21493e+00,1.22157e+00,1.22822e+00,1.23488e+00,1.24155e+00,1.24823e+00,1.25493e+00,1.26163e+00,1.26834e+00,1.27506e+00,1.28179e+00,1.28853e+00,1.29528e+00,1.30203e+00,1.30880e+00,1.31559e+00,1.32238e+00,1.32918e+00,1.33599e+00,1.34281e+00,1.34964e+00,1.35648e+00,1.36334e+00,1.37020e+00,1.37707e+00
