4.72101e-02,4.71847e-02,4.71295e-02,4.70841e-02,4.70308e-02,4.69767e-02,4.69236e-02,4.68619e-02,4.68088e-02,4.67312e-02,4.66474e-02,4.65707e-02,4.65011e-02,4.64244e-02,4.63514e-02,4.62934e-02,4.61981e-02,4.61016e-02,4.60061e-02,4.59001e-02,4.57977e-02,4.56669e-02,4.55498e-02,4.54439e-02,4.53262e-02,4.52212e-02,4.50827e-02,4.49525e-02,4.47881e-02,4.46313e-02,4.44700e-02,4.42999e-02,4.41444e-02,4.49854e-02,4.47916e-02,4.45949e-02,4.43977e-02,4.42297e-02,4.39400e-02,4.37517e-02,4.35387e-02,4.33449e-02,4.31363e-02,4.29594e-02,4.27509e-02,4.25660e-02,4.22763e-02,4.20653e-02,4.18534e-02,4.16918e-02,4.11607e-02
3.66234e-02,3.62742e-02,3.59367e-02,3.55951e-02,3.52569e-02,3.49175e-02,3.45765e-02,3.42381e-02,3.39014e-02,3.35696e-02,3.32396e-02,3.29053e-02,3.25675e-02,3.22319e-02,3.18938e-02,3.15513e-02,3.12210e-02,3.08910e-02,3.05606e-02,3.02333e-02,2.99035e-02,2.95860e-02,2.92613e-02,2.89315e-02,2.86058e-02,2.82765e-02,2.79577e-02,2.76351e-02,2.73266e-02,2.70146e-02,2.67037e-02,2.63937e-02,2.60790e-02,2.57346e-02,2.54313e-02,2.51300e-02,2.48295e-02,2.45138e-02,2.41941e-02,2.38842e-02,2.35737e-02,2.32673e-02,2.29663e-02,2.26517e-02,2.23495e-02,2.20369e-02,2.17246e-02,2.14220e-02,2.11189e-02,2.07921e-02,2.05113e-02
3.22731e-02,3.19676e-02,3.16719e-02,3.13728e-02,3.10853e-02,3.07880e-02,3.04893e-02,3.01927e-02,2.98973e-02,2.96064e-02,2.93168e-02,2.90237e-02,2.87275e-02,2.84332e-02,2.81368e-02,2.78371e-02,2.75470e-02,2.72573e-02,2.69673e-02,2.66798e-02,2.63902e-02,2.61109e-02,2.58255e-02,2.55359e-02,2.52497e-02,2.49607e-02,2.46802e-02,2.43963e-02,2.41244e-02,2.38496e-02,2.35756e-02,2.33020e-02,2.29902e-02,2.26883e-02,2.24201e-02,2.21413e-02,2.18757e-02,2.15973e-02,2.13155e-02,2.10418e-02,2.07675e-02,2.04968e-02,2.02307e-02,1.99533e-02,1.96861e-02,1.94103e-02,1.91345e-02,1.88670e-02,1.85991e-02,1.83112e-02,1.80617e-02
3.88497e-02,3.84042e-02,3.79796e-02,3.75476e-02,3.71215e-02,3.66941e-02,3.62645e-02,3.58398e-02,3.54075e-02,3.49943e-02,3.45844e-02,3.41678e-02,3.37452e-02,3.33268e-02,3.29045e-02,3.24736e-02,3.20655e-02,3.16581e-02,3.12498e-02,3.08476e-02,3.04414e-02,3.00564e-02,2.96596e-02,2.92541e-02,2.88560e-02,2.84506e-02,2.80655e-02,2.76737e-02,2.73066e-02,2.69333e-02,2.65624e-02,2.61945e-02,2.58177e-02,2.53897e-02,2.50349e-02,2.46565e-02,2.43057e-02,2.39300e-02,2.35477e-02,2.31835e-02,2.28180e-02,2.24590e-02,2.21098e-02,2.17371e-02,2.13863e-02,2.10176e-02,2.06508e-02,2.02998e-02,1.99484e-02,1.95570e-02,1.92452e-02
4.39209e-02,4.37836e-02,4.36306e-02,4.34826e-02,4.33306e-02,4.31777e-02,4.30249e-02,4.28672e-02,4.27137e-02,4.25478e-02,4.23785e-02,4.22124e-02,4.20497e-02,4.18830e-02,4.17180e-02,4.15615e-02,4.13844e-02,4.12066e-02,4.10294e-02,4.08462e-02,4.06646e-02,4.04685e-02,4.02789e-02,4.00949e-02,3.99047e-02,3.97214e-02,3.95198e-02,3.93222e-02,3.91069e-02,3.88949e-02,3.86808e-02,3.84612e-02,3.82497e-02,3.80727e-02,3.78397e-02,3.76049e-02,3.73707e-02,3.71506e-02,3.69342e-02,3.67026e-02,3.64573e-02,3.62233e-02,3.59813e-02,3.57556e-02,3.55133e-02,3.52830e-02,3.49928e-02,3.47486e-02,3.45038e-02,3.42840e-02,3.40088e-02
4.11948e-02,4.05171e-02,3.98837e-02,3.92349e-02,3.85984e-02,3.79601e-02,3.73181e-02,3.66873e-02,3.60412e-02,3.54345e-02,3.48356e-02,3.42233e-02,3.35990e-02,3.29840e-02,3.23614e-02,3.17190e-02,3.11276e-02,3.05376e-02,2.99458e-02,2.93679e-02,2.87823e-02,2.82409e-02,2.76759e-02,2.70927e-02,2.65258e-02,2.59422e-02,2.54039e-02,2.48519e-02,2.43521e-02,2.38390e-02,2.33321e-02,2.28335e-02,2.21668e-02,2.15411e-02,2.10729e-02,2.05533e-02,2.00923e-02,1.95807e-02,1.90558e-02,1.85706e-02,1.80827e-02,1.77404e-02,1.72866e-02,1.67832e-02,1.63266e-02,1.58327e-02,1.53447e-02,1.49941e-02,1.45380e-02,1.39993e-02,1.36287e-02
3.75263e-02,3.75868e-02,3.76142e-02,3.76527e-02,3.76824e-02,3.77117e-02,3.77422e-02,3.77633e-02,3.77943e-02,3.77980e-02,3.77950e-02,3.78002e-02,3.78135e-02,3.78190e-02,3.78289e-02,3.78556e-02,3.78410e-02,3.78253e-02,3.78108e-02,3.77848e-02,3.77631e-02,3.77098e-02,3.76720e-02,3.76469e-02,3.76090e-02,3.75851e-02,3.75243e-02,3.74729e-02,3.73835e-02,3.73030e-02,3.72173e-02,3.71223e-02,3.70436e-02,3.70408e-02,3.69200e-02,3.67962e-02,3.66718e-02,3.65805e-02,3.64979e-02,3.63843e-02,3.62435e-02,3.61240e-02,3.59881e-02,3.58878e-02,3.57524e-02,3.56436e-02,3.54193e-02,3.52816e-02,3.51433e-02,3.50615e-02,3.48594e-02
3.48810e-02,3.45171e-02,3.41676e-02,3.38130e-02,3.34626e-02,3.31110e-02,3.27576e-02,3.24076e-02,3.20598e-02,3.17179e-02,3.13782e-02,3.10336e-02,3.06847e-02,3.03387e-02,2.99898e-02,2.96354e-02,2.92962e-02,2.89575e-02,2.86183e-02,2.82831e-02,2.79450e-02,2.76218e-02,2.72901e-02,2.69523e-02,2.66196e-02,2.62822e-02,2.59583e-02,2.56297e-02,2.53184e-02,2.50028e-02,2.46887e-02,2.43761e-02,2.40075e-02,2.36531e-02,2.33493e-02,2.30292e-02,2.27286e-02,2.24098e-02,2.20865e-02,2.17754e-02,2.14635e-02,2.11564e-02,2.08561e-02,2.05393e-02,2.02377e-02,1.99236e-02,1.96102e-02,1.93084e-02,1.90062e-02,1.86754e-02,1.84006e-02
4.27670e-02,4.25410e-02,4.23096e-02,4.20798e-02,4.18487e-02,4.16166e-02,4.13839e-02,4.11492e-02,4.09152e-02,4.06778e-02,4.04388e-02,4.02003e-02,3.99625e-02,3.97231e-02,3.94837e-02,3.92480e-02,3.90039e-02,3.87596e-02,3.85154e-02,3.82687e-02,3.80219e-02,3.77707e-02,3.75209e-02,3.72727e-02,3.70220e-02,3.67743e-02,3.65191e-02,3.62649e-02,3.60050e-02,3.57453e-02,3.54851e-02,3.52219e-02,3.49619e-02,3.47123e-02,3.44432e-02,3.41731e-02,3.39042e-02,3.36383e-02,3.33733e-02,3.31025e-02,3.28319e-02,3.25608e-02,3.22868e-02,3.20178e-02,3.17431e-02,3.14719e-02,3.11979e-02,3.09218e-02,3.06451e-02,3.03750e-02,3.00878e-02
2.79909e-02,2.77632e-02,2.75395e-02,2.73144e-02,2.70948e-02,2.68702e-02,2.66446e-02,2.64171e-02,2.61922e-02,2.59699e-02,2.57479e-02,2.55240e-02,2.52987e-02,2.50740e-02,2.48572e-02,2.46308e-02,2.44073e-02,2.41839e-02,2.39605e-02,2.37379e-02,2.35140e-02,2.32948e-02,2.30725e-02,2.28484e-02,2.26255e-02,2.24022e-02,2.21813e-02,2.19589e-02,2.17416e-02,2.15233e-02,2.13050e-02,2.10857e-02,2.08499e-02,2.06189e-02,2.04011e-02,2.01793e-02,1.99634e-02,1.97408e-02,1.95167e-02,1.92954e-02,1.90739e-02,1.88545e-02,1.86369e-02,1.84145e-02,1.81961e-02,1.79741e-02,1.77511e-02,1.75434e-02,1.73244e-02,1.70959e-02,1.68841e-02
3.45954e-02,3.46255e-02,3.46277e-02,3.46393e-02,3.46436e-02,3.46473e-02,3.46520e-02,3.46487e-02,3.46385e-02,3.46205e-02,3.45969e-02,3.45801e-02,3.45700e-02,3.45534e-02,3.45405e-02,3.45420e-02,3.45083e-02,3.44736e-02,3.44400e-02,3.43966e-02,3.43568e-02,3.42904e-02,3.42370e-02,3.41943e-02,3.41406e-02,3.40991e-02,3.40261e-02,3.39610e-02,3.38638e-02,3.37739e-02,3.36799e-02,3.35777e-02,3.34895e-02,3.34653e-02,3.33411e-02,3.32142e-02,3.30872e-02,3.29878e-02,3.28959e-02,3.27775e-02,3.26607e-02,3.25375e-02,3.24005e-02,3.22935e-02,3.21569e-02,3.20427e-02,3.18290e-02,3.16904e-02,3.15512e-02,3.14596e-02,3.12663e-02
3.77776e-02,3.71652e-02,3.65922e-02,3.60056e-02,3.54300e-02,3.48528e-02,3.42721e-02,3.37014e-02,3.31383e-02,3.25891e-02,3.20468e-02,3.14925e-02,3.09276e-02,3.03709e-02,2.98075e-02,2.92266e-02,2.86909e-02,2.81564e-02,2.76204e-02,2.70966e-02,2.65660e-02,2.60748e-02,2.55625e-02,2.50340e-02,2.45200e-02,2.39913e-02,2.35028e-02,2.30020e-02,2.25476e-02,2.20815e-02,2.16209e-02,2.11674e-02,2.05645e-02,1.99982e-02,1.95716e-02,1.90995e-02,1.82831e-02,1.78180e-02,1.73410e-02,-3.38351e-04,-7.82432e-04,-1.09679e-03,-1.51054e-03,-1.96832e-03,-2.38447e-03,-2.83384e-03,-3.27802e-03,-3.59995e-03,-4.01564e-03,-4.50500e-03,-4.84452e-03
3.43013e-02,3.40186e-02,3.37420e-02,3.34631e-02,3.31862e-02,3.29082e-02,3.26289e-02,3.23508e-02,3.20731e-02,3.17985e-02,3.15247e-02,3.12483e-02,3.09698e-02,3.06923e-02,3.04132e-02,3.01325e-02,2.98571e-02,2.95819e-02,2.93065e-02,2.90323e-02,2.87566e-02,2.84875e-02,2.82143e-02,2.79382e-02,2.76641e-02,2.73886e-02,2.71177e-02,2.68445e-02,2.65789e-02,2.63115e-02,2.60443e-02,2.57767e-02,2.55072e-02,2.52216e-02,2.49567e-02,2.46852e-02,2.44223e-02,2.41504e-02,2.38762e-02,2.36066e-02,2.33367e-02,2.30694e-02,2.28048e-02,2.25329e-02,2.22673e-02,2.19962e-02,2.17244e-02,2.14582e-02,2.11917e-02,2.09117e-02,2.06564e-02
3.14571e-02,3.11825e-02,3.09148e-02,3.06447e-02,3.03832e-02,3.01142e-02,2.98440e-02,2.95708e-02,2.93026e-02,2.90379e-02,2.87741e-02,2.85074e-02,2.82386e-02,2.79709e-02,2.77016e-02,2.74304e-02,2.71654e-02,2.69007e-02,2.66359e-02,2.63726e-02,2.61076e-02,2.58502e-02,2.55882e-02,2.53231e-02,2.50602e-02,2.47957e-02,2.45368e-02,2.42754e-02,2.40225e-02,2.37677e-02,2.35132e-02,2.32586e-02,2.29762e-02,2.27012e-02,2.24499e-02,2.21912e-02,2.19422e-02,2.16833e-02,2.14219e-02,2.11659e-02,2.09097e-02,2.06562e-02,2.04059e-02,2.01475e-02,1.98963e-02,1.96388e-02,1.93809e-02,1.91293e-02,1.88773e-02,1.86105e-02,1.83714e-02
3.09075e-02,3.09043e-02,3.08791e-02,3.08613e-02,3.08210e-02,3.07970e-02,3.07736e-02,3.07438e-02,3.07084e-02,3.06672e-02,3.06215e-02,3.05810e-02,3.05458e-02,3.05054e-02,3.04678e-02,3.04420e-02,3.03879e-02,3.03331e-02,3.02793e-02,3.02176e-02,3.01586e-02,3.00788e-02,3.00091e-02,2.99478e-02,2.98779e-02,2.98178e-02,2.97324e-02,2.96533e-02,2.95489e-02,2.94502e-02,2.93482e-02,2.92395e-02,2.91421e-02,2.90951e-02,2.89687e-02,2.88403e-02,2.87121e-02,2.86052e-02,2.85043e-02,2.83822e-02,2.82615e-02,2.81359e-02,2.79994e-02,2.78867e-02,2.77504e-02,2.76319e-02,2.75077e-02,2.73699e-02,2.72316e-02,2.71304e-02,2.69494e-02
3.05260e-02,3.01313e-02,2.97572e-02,2.93759e-02,2.90178e-02,2.86412e-02,2.82626e-02,2.78757e-02,2.75056e-02,2.71433e-02,2.67845e-02,2.64191e-02,2.60480e-02,2.56811e-02,2.53521e-02,2.49731e-02,2.46167e-02,2.42609e-02,2.39044e-02,2.35540e-02,2.31998e-02,2.28664e-02,2.25216e-02,2.21684e-02,2.18225e-02,2.14697e-02,2.11367e-02,2.07973e-02,2.04822e-02,2.01611e-02,1.98425e-02,1.95269e-02,1.91331e-02,1.87589e-02,1.83539e-02,1.80284e-02,1.75194e-02,1.71967e-02,1.68677e-02,1.79904e-02,1.76781e-02,1.74349e-02,1.71387e-02,1.68197e-02,1.65221e-02,1.62072e-02,1.58942e-02,1.56461e-02,1.53485e-02,1.50117e-02,1.47547e-02
3.30783e-02,3.28302e-02,3.25852e-02,3.23390e-02,3.20973e-02,3.18512e-02,3.16041e-02,3.13574e-02,3.11104e-02,3.08657e-02,3.06211e-02,3.03747e-02,3.01271e-02,2.98798e-02,2.96315e-02,2.93830e-02,2.91361e-02,2.88894e-02,2.86427e-02,2.83962e-02,2.81486e-02,2.79048e-02,2.76583e-02,2.74102e-02,2.71630e-02,2.69155e-02,2.66695e-02,2.64222e-02,2.61789e-02,2.59348e-02,2.56904e-02,2.54449e-02,2.51990e-02,2.49440e-02,2.46990e-02,2.44511e-02,2.42077e-02,2.39587e-02,2.37082e-02,2.34596e-02,2.32109e-02,2.29640e-02,2.27184e-02,2.24688e-02,2.22223e-02,2.19728e-02,2.17221e-02,2.14750e-02,2.12275e-02,2.09720e-02,2.07300e-02
3.44881e-02,3.41062e-02,3.37409e-02,3.33698e-02,3.30035e-02,3.26360e-02,3.22666e-02,3.19010e-02,3.15382e-02,3.11820e-02,3.08284e-02,3.04693e-02,3.01054e-02,2.97448e-02,2.93810e-02,2.90107e-02,2.86582e-02,2.83062e-02,2.79537e-02,2.76059e-02,2.72549e-02,2.69209e-02,2.65773e-02,2.62268e-02,2.58822e-02,2.55320e-02,2.51976e-02,2.48579e-02,2.45380e-02,2.42132e-02,2.38903e-02,2.35693e-02,2.31843e-02,2.28154e-02,2.25048e-02,2.21754e-02,2.18684e-02,2.15409e-02,2.12081e-02,2.08896e-02,2.05702e-02,2.02562e-02,1.99500e-02,1.96250e-02,1.93174e-02,1.89955e-02,1.86748e-02,1.84076e-02,1.80996e-02,1.77591e-02,1.74827e-02
3.79652e-02,3.77224e-02,3.74791e-02,3.72357e-02,3.69924e-02,3.67481e-02,3.65029e-02,3.62571e-02,3.60106e-02,3.57647e-02,3.55182e-02,3.52710e-02,3.50233e-02,3.47751e-02,3.45262e-02,3.42789e-02,3.40289e-02,3.37789e-02,3.35289e-02,3.32779e-02,3.30263e-02,3.27750e-02,3.25227e-02,3.22701e-02,3.20170e-02,3.17650e-02,3.15107e-02,3.12560e-02,3.10011e-02,3.07450e-02,3.04894e-02,3.02319e-02,2.99755e-02,2.97182e-02,2.94585e-02,2.91980e-02,2.89393e-02,2.86785e-02,2.84173e-02,2.81546e-02,2.78920e-02,2.76301e-02,2.73677e-02,2.71053e-02,2.68421e-02,2.65787e-02,2.63134e-02,2.60493e-02,2.57846e-02,2.55182e-02,2.52522e-02
2.95227e-02,2.94316e-02,2.93288e-02,2.92299e-02,2.91196e-02,2.90172e-02,2.89147e-02,2.88163e-02,2.87069e-02,2.85950e-02,2.84805e-02,2.83685e-02,2.82591e-02,2.81467e-02,2.80356e-02,2.79314e-02,2.78113e-02,2.76909e-02,2.75710e-02,2.74466e-02,2.73234e-02,2.71896e-02,2.70606e-02,2.69360e-02,2.68066e-02,2.66830e-02,2.65451e-02,2.64104e-02,2.62625e-02,2.61183e-02,2.59715e-02,2.58202e-02,2.56755e-02,2.55567e-02,2.53953e-02,2.52309e-02,2.50692e-02,2.49178e-02,2.47693e-02,2.46091e-02,2.44498e-02,2.42883e-02,2.41210e-02,2.39661e-02,2.37986e-02,2.36403e-02,2.34783e-02,2.33098e-02,2.31408e-02,2.29904e-02,2.27986e-02
2.11697e-02,2.08373e-02,1.40999e-02,1.37805e-02,1.34833e-02,1.31685e-02,1.26079e-02,1.22836e-02,1.19753e-02,1.16839e-02,1.13535e-02,1.10500e-02,1.06857e-02,1.03476e-02,9.00658e-03,1.20020e-02,7.90284e-03,7.56990e-03,6.72030e-03,6.42743e-03,2.75268e-03,2.07086e-03,1.78819e-03,1.49757e-03,1.21410e-03,9.24158e-04,1.79792e-04,-9.72519e-05,-8.64800e-04,-1.27733e-03,-1.37458e-04,-4.66748e-04,-7.94875e-04,-1.10427e-03,-1.44303e-03,-1.70604e-03,-2.14342e-03,-2.70346e-03,-2.96944e-03,-4.69571e-03,-4.86487e-03,-5.93222e-03,-6.44979e-03,-8.46394e-03,-9.54364e-03,-9.79546e-03,-1.13416e-02,-1.27028e-02,-1.44057e-02,-1.31240e-02,-1.37920e-02
3.45368e-02,3.45114e-02,3.44640e-02,3.44240e-02,3.43783e-02,3.43319e-02,3.42862e-02,3.42340e-02,3.41763e-02,3.41127e-02,3.40446e-02,3.39817e-02,3.39240e-02,3.38610e-02,3.38008e-02,3.37521e-02,3.36755e-02,3.35980e-02,3.35215e-02,3.34371e-02,3.33554e-02,3.32530e-02,3.31605e-02,3.30763e-02,3.29835e-02,3.29004e-02,3.27922e-02,3.26902e-02,3.25630e-02,3.24414e-02,3.23166e-02,3.21850e-02,3.20646e-02,3.19940e-02,3.18448e-02,3.16934e-02,3.15422e-02,3.14122e-02,3.12879e-02,3.11426e-02,3.09987e-02,3.08499e-02,3.06902e-02,3.05539e-02,3.03944e-02,3.02524e-02,3.01047e-02,2.99434e-02,2.97816e-02,2.96565e-02,2.94523e-02
4.14221e-02,4.13078e-02,4.11769e-02,4.10515e-02,4.09217e-02,4.07911e-02,4.06606e-02,4.05252e-02,4.03942e-02,4.02500e-02,4.01022e-02,3.99580e-02,3.98175e-02,3.96728e-02,3.95299e-02,3.93961e-02,3.92405e-02,3.90843e-02,3.89286e-02,3.87668e-02,3.86067e-02,3.84311e-02,3.82626e-02,3.81002e-02,3.79311e-02,3.77695e-02,3.75885e-02,3.74118e-02,3.72163e-02,3.70246e-02,3.68305e-02,3.66307e-02,3.64395e-02,3.62852e-02,3.60715e-02,3.58560e-02,3.56409e-02,3.54410e-02,3.52452e-02,3.50333e-02,3.48372e-02,3.46227e-02,3.43999e-02,3.41945e-02,3.39714e-02,3.37612e-02,3.34879e-02,3.32631e-02,3.30376e-02,3.28389e-02,3.25813e-02
3.60274e-02,3.58788e-02,3.57206e-02,3.55654e-02,3.54080e-02,3.52497e-02,3.50911e-02,3.49295e-02,3.47649e-02,3.45985e-02,3.44298e-02,3.42629e-02,3.40979e-02,3.39304e-02,3.37637e-02,3.36027e-02,3.34284e-02,3.32538e-02,3.30796e-02,3.29016e-02,3.27243e-02,3.25384e-02,3.23562e-02,3.21774e-02,3.19946e-02,3.18165e-02,3.16265e-02,3.14389e-02,3.12407e-02,3.10441e-02,3.08465e-02,3.06448e-02,3.04486e-02,3.02728e-02,3.00625e-02,2.98509e-02,2.96403e-02,2.94375e-02,2.92369e-02,2.90266e-02,2.88169e-02,2.86056e-02,2.83895e-02,2.81831e-02,2.79666e-02,2.77572e-02,2.75445e-02,2.73267e-02,2.71083e-02,2.69044e-02,2.66675e-02
3.16739e-02,3.16245e-02,3.15576e-02,3.14966e-02,3.14179e-02,3.13518e-02,3.12860e-02,3.12150e-02,3.11393e-02,3.10593e-02,3.09757e-02,3.08960e-02,3.08204e-02,3.07406e-02,3.06628e-02,3.05947e-02,3.05038e-02,3.04122e-02,3.03215e-02,3.02243e-02,3.01292e-02,3.00176e-02,2.99138e-02,2.98167e-02,2.97126e-02,2.96166e-02,2.95001e-02,2.93884e-02,2.92568e-02,2.91293e-02,2.89995e-02,2.88639e-02,2.87375e-02,2.86507e-02,2.85007e-02,2.83490e-02,2.81977e-02,2.80630e-02,2.79329e-02,2.77857e-02,2.76396e-02,2.74899e-02,2.73314e-02,2.71917e-02,2.70333e-02,2.68889e-02,2.67396e-02,2.65797e-02,2.64194e-02,2.62881e-02,2.60937e-02
3.27565e-02,3.24203e-02,3.20970e-02,3.17692e-02,3.14562e-02,3.11310e-02,3.08042e-02,3.04802e-02,3.01582e-02,2.98415e-02,2.95268e-02,2.92076e-02,2.88847e-02,2.85642e-02,2.82412e-02,2.79134e-02,2.75989e-02,2.72849e-02,2.69704e-02,2.66594e-02,2.63458e-02,2.60455e-02,2.57376e-02,2.54243e-02,2.51154e-02,2.48025e-02,2.45014e-02,2.41961e-02,2.39061e-02,2.36124e-02,2.33199e-02,2.30286e-02,2.26877e-02,2.23595e-02,2.20757e-02,2.17777e-02,2.14970e-02,2.12001e-02,2.08991e-02,2.06087e-02,2.03178e-02,2.00311e-02,1.97505e-02,1.94553e-02,1.91735e-02,1.88806e-02,1.85882e-02,1.83376e-02,1.80552e-02,1.77474e-02,1.74892e-02
3.04262e-02,3.02046e-02,2.99848e-02,2.97643e-02,2.95469e-02,2.93263e-02,2.91048e-02,2.88822e-02,2.86603e-02,2.84402e-02,2.82200e-02,2.79985e-02,2.77762e-02,2.75538e-02,2.73307e-02,2.71080e-02,2.68855e-02,2.66632e-02,2.64408e-02,2.62185e-02,2.59952e-02,2.57745e-02,2.55518e-02,2.53280e-02,2.51046e-02,2.48816e-02,2.46588e-02,2.44350e-02,2.42138e-02,2.39922e-02,2.37702e-02,2.35468e-02,2.33147e-02,2.30854e-02,2.28618e-02,2.26366e-02,2.24145e-02,2.21880e-02,2.19606e-02,2.17338e-02,2.15071e-02,2.12819e-02,2.10574e-02,2.08304e-02,2.06051e-02,2.03779e-02,2.01493e-02,1.99235e-02,1.96974e-02,1.94655e-02,1.92425e-02
4.17061e-02,4.12658e-02,4.08440e-02,4.04156e-02,3.99924e-02,3.95678e-02,3.91412e-02,3.87189e-02,3.82897e-02,3.78774e-02,3.74681e-02,3.70527e-02,3.66318e-02,3.62146e-02,3.57938e-02,3.53655e-02,3.49572e-02,3.45493e-02,3.41408e-02,3.37375e-02,3.33306e-02,3.29424e-02,3.25437e-02,3.21371e-02,3.17371e-02,3.13306e-02,3.09420e-02,3.05472e-02,3.01745e-02,2.97945e-02,2.94183e-02,2.90443e-02,2.86626e-02,2.82350e-02,2.78726e-02,2.75109e-02,2.71520e-02,2.67705e-02,2.63832e-02,2.60117e-02,2.56392e-02,2.52724e-02,2.49143e-02,2.45351e-02,2.41754e-02,2.37996e-02,2.34253e-02,2.30652e-02,2.27047e-02,2.23081e-02,2.19827e-02
4.29585e-02,4.26277e-02,4.23027e-02,4.19754e-02,4.16499e-02,4.13233e-02,4.09953e-02,4.06682e-02,4.03384e-02,4.00146e-02,3.96915e-02,3.93656e-02,3.90376e-02,3.87105e-02,3.83816e-02,3.80512e-02,3.77257e-02,3.74003e-02,3.70747e-02,3.67501e-02,3.64239e-02,3.61041e-02,3.57801e-02,3.54532e-02,3.51280e-02,3.48014e-02,3.44792e-02,3.41547e-02,3.38375e-02,3.35170e-02,3.31980e-02,3.28785e-02,3.25570e-02,3.22194e-02,3.19021e-02,3.15846e-02,3.12692e-02,3.09446e-02,3.06178e-02,3.02953e-02,2.99724e-02,2.96520e-02,2.93341e-02,2.90089e-02,2.86899e-02,2.83651e-02,2.80396e-02,2.77196e-02,2.73991e-02,2.70651e-02,2.67555e-02
3.92826e-02,3.91172e-02,3.89420e-02,3.87698e-02,3.85953e-02,3.84198e-02,3.82441e-02,3.80653e-02,3.78887e-02,3.77048e-02,3.75187e-02,3.73342e-02,3.71517e-02,3.69666e-02,3.67823e-02,3.66038e-02,3.64117e-02,3.62193e-02,3.60272e-02,3.58311e-02,3.56358e-02,3.54318e-02,3.52314e-02,3.50343e-02,3.48333e-02,3.46370e-02,3.44285e-02,3.42225e-02,3.40056e-02,3.37903e-02,3.35739e-02,3.33535e-02,3.31384e-02,3.29441e-02,3.27147e-02,3.24840e-02,3.22543e-02,3.20324e-02,3.18127e-02,3.15832e-02,3.13542e-02,3.11235e-02,3.08879e-02,3.06622e-02,3.04261e-02,3.01973e-02,2.99649e-02,2.97274e-02,2.94893e-02,2.92659e-02,2.90088e-02
4.73815e-02,4.69464e-02,4.65257e-02,4.60997e-02,4.56777e-02,4.52544e-02,4.48292e-02,4.44071e-02,4.39794e-02,4.35651e-02,4.31529e-02,4.27356e-02,4.23139e-02,4.18948e-02,4.14727e-02,4.10448e-02,4.06322e-02,4.02198e-02,3.98067e-02,3.93976e-02,3.89853e-02,3.85879e-02,3.81818e-02,3.77693e-02,3.73618e-02,3.69494e-02,3.65504e-02,3.61465e-02,3.57599e-02,3.53672e-02,3.49774e-02,3.45890e-02,3.41946e-02,3.37637e-02,3.33836e-02,3.30039e-02,3.26267e-02,3.22311e-02,3.18307e-02,3.14424e-02,3.10532e-02,3.06687e-02,3.02908e-02,2.98962e-02,2.95166e-02,2.91243e-02,2.87326e-02,2.83524e-02,2.79716e-02,2.75618e-02,2.72083e-02
3.02243e-02,2.99557e-02,2.96942e-02,2.94301e-02,2.91748e-02,2.89120e-02,2.86480e-02,2.83809e-02,2.81189e-02,2.78605e-02,2.76030e-02,2.73427e-02,2.70801e-02,2.68188e-02,2.65710e-02,2.63060e-02,2.60475e-02,2.57893e-02,2.55309e-02,2.52742e-02,2.50157e-02,2.47649e-02,2.45095e-02,2.42510e-02,2.39949e-02,2.37370e-02,2.34848e-02,2.32301e-02,2.29841e-02,2.27362e-02,2.24886e-02,2.22409e-02,2.19650e-02,2.16967e-02,2.14525e-02,2.12008e-02,2.09588e-02,2.07069e-02,2.04526e-02,2.02037e-02,1.99545e-02,1.97082e-02,1.94651e-02,1.92139e-02,1.89699e-02,1.87197e-02,1.84690e-02,1.82428e-02,1.79981e-02,1.77384e-02,1.75069e-02
4.07049e-02,4.03151e-02,3.99390e-02,3.95580e-02,3.91808e-02,3.88024e-02,3.84223e-02,3.80451e-02,3.76627e-02,3.72931e-02,3.69255e-02,3.65531e-02,3.61767e-02,3.58027e-02,3.54260e-02,3.50440e-02,3.46763e-02,3.43089e-02,3.39409e-02,3.35767e-02,3.32096e-02,3.28566e-02,3.24954e-02,3.21283e-02,3.17660e-02,3.13991e-02,3.10449e-02,3.06861e-02,3.03437e-02,2.99955e-02,2.96503e-02,2.93063e-02,2.89567e-02,2.85728e-02,2.82368e-02,2.79011e-02,2.75680e-02,2.72176e-02,2.68626e-02,2.65192e-02,2.61749e-02,2.58351e-02,2.55017e-02,2.51525e-02,2.48177e-02,2.44708e-02,2.41245e-02,2.37892e-02,2.34534e-02,2.30902e-02,2.27802e-02
3.66977e-02,3.63069e-02,3.59322e-02,3.55518e-02,3.51761e-02,3.47991e-02,3.44202e-02,3.40451e-02,3.36726e-02,3.33065e-02,3.29430e-02,3.25741e-02,3.22004e-02,3.18299e-02,3.14562e-02,3.10761e-02,3.07134e-02,3.03512e-02,2.99884e-02,2.96302e-02,2.92688e-02,2.89240e-02,2.85698e-02,2.82087e-02,2.78534e-02,2.74927e-02,2.71473e-02,2.67967e-02,2.64654e-02,2.61294e-02,2.57951e-02,2.54626e-02,2.51235e-02,2.47441e-02,2.44217e-02,2.40808e-02,2.37618e-02,2.34227e-02,2.30785e-02,2.27481e-02,2.24168e-02,2.20907e-02,2.17723e-02,2.14354e-02,2.11155e-02,2.07817e-02,2.04489e-02,2.01288e-02,1.98083e-02,1.94560e-02,1.91664e-02
3.11661e-02,3.08428e-02,3.05318e-02,3.02166e-02,2.99158e-02,2.96031e-02,2.92888e-02,2.89695e-02,2.86598e-02,2.83554e-02,2.80529e-02,2.77461e-02,2.74357e-02,2.71277e-02,2.68172e-02,2.65022e-02,2.62000e-02,2.58982e-02,2.55960e-02,2.52972e-02,2.49959e-02,2.47074e-02,2.44117e-02,2.41106e-02,2.38140e-02,2.35135e-02,2.32243e-02,2.29310e-02,2.26526e-02,2.23707e-02,2.20900e-02,2.18103e-02,2.14826e-02,2.11673e-02,2.08950e-02,2.06089e-02,2.03396e-02,2.00545e-02,1.97655e-02,1.94868e-02,1.92075e-02,1.89325e-02,1.86632e-02,1.83799e-02,1.81096e-02,1.78285e-02,1.75480e-02,1.73079e-02,1.70371e-02,1.67416e-02,1.64941e-02
4.07749e-02,4.05036e-02,4.02332e-02,3.99622e-02,3.96916e-02,3.94200e-02,3.91474e-02,3.88744e-02,3.86003e-02,3.83279e-02,3.80552e-02,3.77812e-02,3.75065e-02,3.72315e-02,3.69556e-02,3.66805e-02,3.64044e-02,3.61282e-02,3.58520e-02,3.55753e-02,3.52976e-02,3.50214e-02,3.47437e-02,3.44650e-02,3.41863e-02,3.39081e-02,3.36290e-02,3.33491e-02,3.30706e-02,3.27904e-02,3.25109e-02,3.22296e-02,3.19489e-02,3.16641e-02,3.13815e-02,3.10984e-02,3.08169e-02,3.05320e-02,3.02462e-02,2.99601e-02,2.96740e-02,2.93890e-02,2.91041e-02,2.88175e-02,2.85316e-02,2.82444e-02,2.79554e-02,2.76685e-02,2.73811e-02,2.70894e-02,2.68032e-02
3.99415e-02,3.94810e-02,3.90422e-02,3.85957e-02,3.81554e-02,3.77137e-02,3.72697e-02,3.68309e-02,3.63842e-02,3.59573e-02,3.55340e-02,3.51036e-02,3.46670e-02,3.42348e-02,3.37986e-02,3.33532e-02,3.29318e-02,3.25111e-02,3.20894e-02,3.16742e-02,3.12549e-02,3.08575e-02,3.04480e-02,3.00293e-02,2.96184e-02,2.91998e-02,2.88025e-02,2.83982e-02,2.80197e-02,2.76330e-02,2.72506e-02,2.68712e-02,2.64826e-02,2.60405e-02,2.56751e-02,2.53139e-02,2.49526e-02,2.45652e-02,2.41710e-02,2.37956e-02,2.34191e-02,2.30492e-02,2.26896e-02,2.23053e-02,2.19440e-02,2.15640e-02,2.11860e-02,2.08245e-02,2.04626e-02,2.00589e-02,1.97384e-02
3.00095e-02,2.98536e-02,2.96928e-02,2.95336e-02,2.93702e-02,2.92092e-02,2.90476e-02,2.88877e-02,2.87224e-02,2.85568e-02,2.83899e-02,2.82236e-02,2.80581e-02,2.78912e-02,2.77245e-02,2.75615e-02,2.73906e-02,2.72196e-02,2.70489e-02,2.68759e-02,2.67030e-02,2.65260e-02,2.63505e-02,2.61766e-02,2.60006e-02,2.58276e-02,2.56475e-02,2.54685e-02,2.52842e-02,2.51015e-02,2.49173e-02,2.47302e-02,2.45464e-02,2.43728e-02,2.41804e-02,2.39945e-02,2.38027e-02,2.36140e-02,2.34263e-02,2.32330e-02,2.30401e-02,2.28469e-02,2.26510e-02,2.24602e-02,2.22640e-02,2.20714e-02,2.18762e-02,2.16792e-02,2.14817e-02,2.12908e-02,2.10833e-02
3.91819e-02,3.92163e-02,3.92195e-02,3.92331e-02,3.92384e-02,3.92432e-02,3.92491e-02,3.92460e-02,3.92523e-02,3.92327e-02,3.92068e-02,3.91886e-02,3.91779e-02,3.91599e-02,3.91459e-02,3.91479e-02,3.91107e-02,3.90724e-02,3.90353e-02,3.89872e-02,3.89431e-02,3.88693e-02,3.88099e-02,3.87625e-02,3.87029e-02,3.86566e-02,3.85753e-02,3.85028e-02,3.83944e-02,3.82944e-02,3.81894e-02,3.80756e-02,3.79771e-02,3.79503e-02,3.78118e-02,3.76705e-02,3.75287e-02,3.74180e-02,3.73155e-02,3.71836e-02,3.70259e-02,3.68884e-02,3.67354e-02,3.66159e-02,3.64634e-02,3.63358e-02,3.60985e-02,3.59436e-02,3.57880e-02,3.56857e-02,3.54699e-02
2.83929e-02,2.83374e-02,2.82671e-02,2.82017e-02,2.81217e-02,2.80520e-02,2.79826e-02,2.79184e-02,2.78405e-02,2.77591e-02,2.76746e-02,2.75934e-02,2.75156e-02,2.74343e-02,2.73546e-02,2.72834e-02,2.71925e-02,2.71013e-02,2.70107e-02,2.69146e-02,2.68202e-02,2.67120e-02,2.66103e-02,2.65142e-02,2.64123e-02,2.63173e-02,2.62048e-02,2.60963e-02,2.59710e-02,2.58504e-02,2.57267e-02,2.55978e-02,2.54769e-02,2.53894e-02,2.52482e-02,2.51250e-02,2.49830e-02,2.48547e-02,2.47302e-02,2.45913e-02,2.44533e-02,2.43124e-02,2.41641e-02,2.40316e-02,2.38834e-02,2.37469e-02,2.36061e-02,2.34567e-02,2.33068e-02,2.31812e-02,2.30024e-02
3.73863e-02,3.71061e-02,3.68297e-02,3.65518e-02,3.62752e-02,3.59975e-02,3.57187e-02,3.54404e-02,3.51620e-02,3.48860e-02,3.46103e-02,3.43325e-02,3.40533e-02,3.37744e-02,3.34943e-02,3.32136e-02,3.29355e-02,3.26575e-02,3.23794e-02,3.21018e-02,3.18229e-02,3.15485e-02,3.12709e-02,3.09914e-02,3.07130e-02,3.04339e-02,3.01572e-02,2.98788e-02,2.96054e-02,2.93295e-02,2.90547e-02,2.87790e-02,2.85024e-02,2.82147e-02,2.79400e-02,2.76649e-02,2.73919e-02,2.71121e-02,2.68306e-02,2.65517e-02,2.62726e-02,2.59954e-02,2.57199e-02,2.54394e-02,2.51630e-02,2.48826e-02,2.46012e-02,2.43239e-02,2.40462e-02,2.37588e-02,2.34882e-02
3.48745e-02,3.44883e-02,3.41190e-02,3.37437e-02,3.33733e-02,3.30017e-02,3.26281e-02,3.22585e-02,3.18917e-02,3.15315e-02,3.11740e-02,3.08109e-02,3.04429e-02,3.00783e-02,2.97105e-02,2.93359e-02,2.89796e-02,2.86237e-02,2.82672e-02,2.79156e-02,2.75607e-02,2.72230e-02,2.68757e-02,2.65213e-02,2.61729e-02,2.58188e-02,2.54808e-02,2.51373e-02,2.48140e-02,2.44857e-02,2.41592e-02,2.38348e-02,2.34454e-02,2.30724e-02,2.27585e-02,2.24256e-02,2.21152e-02,2.17842e-02,2.14478e-02,2.11259e-02,2.08031e-02,2.04857e-02,2.01762e-02,1.98477e-02,1.95368e-02,1.92115e-02,1.88873e-02,1.86174e-02,1.83061e-02,1.79619e-02,1.76825e-02
4.03699e-02,3.99718e-02,3.95884e-02,3.91997e-02,3.88153e-02,3.84296e-02,3.80420e-02,3.76578e-02,3.72680e-02,3.68919e-02,3.65180e-02,3.61391e-02,3.57557e-02,3.53752e-02,3.49917e-02,3.46024e-02,3.42287e-02,3.38554e-02,3.34815e-02,3.31117e-02,3.27388e-02,3.23811e-02,3.20147e-02,3.16420e-02,3.12744e-02,3.09019e-02,3.05432e-02,3.01795e-02,2.98336e-02,2.94815e-02,2.91326e-02,2.87852e-02,2.84317e-02,2.80413e-02,2.77027e-02,2.73645e-02,2.70289e-02,2.66749e-02,2.63160e-02,2.59696e-02,2.56223e-02,2.52799e-02,2.49443e-02,2.45918e-02,2.42548e-02,2.39048e-02,2.35557e-02,2.32182e-02,2.28803e-02,2.25130e-02,2.22031e-02
3.32105e-02,3.32905e-02,3.33380e-02,3.33965e-02,3.34465e-02,3.34960e-02,3.35468e-02,3.35884e-02,3.36221e-02,3.36467e-02,3.36647e-02,3.36909e-02,3.37250e-02,3.37515e-02,3.37825e-02,3.38300e-02,3.38369e-02,3.38428e-02,3.38499e-02,3.38458e-02,3.38459e-02,3.38150e-02,3.37994e-02,3.37963e-02,3.37807e-02,3.37789e-02,3.37409e-02,3.37121e-02,3.36460e-02,3.35887e-02,3.35264e-02,3.34549e-02,3.33995e-02,3.34190e-02,3.33222e-02,3.32225e-02,3.31224e-02,3.30548e-02,3.29960e-02,3.29065e-02,3.28190e-02,3.27239e-02,3.26127e-02,3.25366e-02,3.24261e-02,3.23418e-02,3.21435e-02,3.20309e-02,3.19176e-02,3.18601e-02,3.16842e-02
3.79906e-02,3.77492e-02,3.75070e-02,3.72648e-02,3.70228e-02,3.67796e-02,3.65357e-02,3.62910e-02,3.60457e-02,3.58009e-02,3.55555e-02,3.53093e-02,3.50628e-02,3.48157e-02,3.45679e-02,3.43218e-02,3.40728e-02,3.38238e-02,3.35748e-02,3.33248e-02,3.30742e-02,3.28236e-02,3.25722e-02,3.23207e-02,3.20684e-02,3.18174e-02,3.15639e-02,3.13100e-02,3.10558e-02,3.08004e-02,3.05455e-02,3.02886e-02,3.00329e-02,2.97768e-02,2.95175e-02,2.92576e-02,2.89993e-02,2.87392e-02,2.84787e-02,2.82166e-02,2.79545e-02,2.76932e-02,2.74313e-02,2.71695e-02,2.69068e-02,2.66440e-02,2.63792e-02,2.61155e-02,2.58513e-02,2.55857e-02,2.53198e-02
2.75850e-02,2.72916e-02,2.70096e-02,2.67237e-02,2.64512e-02,2.61676e-02,2.58827e-02,2.55930e-02,2.53123e-02,2.50427e-02,2.47686e-02,2.44906e-02,2.41761e-02,2.38970e-02,2.36392e-02,2.33538e-02,2.30800e-02,2.28067e-02,2.25945e-02,2.23217e-02,2.20488e-02,2.17879e-02,2.15202e-02,2.12477e-02,2.09792e-02,2.07073e-02,2.04457e-02,2.01804e-02,1.99287e-02,1.96739e-02,1.94202e-02,1.91673e-02,1.88705e-02,1.85850e-02,1.82799e-02,1.80213e-02,1.76562e-02,1.73985e-02,1.71371e-02,1.77232e-02,1.74708e-02,1.72584e-02,1.70153e-02,1.67594e-02,1.65153e-02,1.62615e-02,1.60080e-02,1.57918e-02,1.55474e-02,1.52804e-02,1.50595e-02
3.39514e-02,3.37616e-02,3.35681e-02,3.33756e-02,3.31825e-02,3.29884e-02,3.27937e-02,3.25975e-02,3.23996e-02,3.22018e-02,3.20028e-02,3.18039e-02,3.16055e-02,3.14059e-02,3.12063e-02,3.10098e-02,3.08068e-02,3.06036e-02,3.04007e-02,3.01958e-02,2.99908e-02,2.97829e-02,2.95758e-02,2.93697e-02,2.91619e-02,2.89567e-02,2.87456e-02,2.85352e-02,2.83208e-02,2.81064e-02,2.78918e-02,2.76746e-02,2.74602e-02,2.72528e-02,2.70312e-02,2.68081e-02,2.65872e-02,2.63678e-02,2.61490e-02,2.59257e-02,2.57028e-02,2.54798e-02,2.52548e-02,2.50333e-02,2.48077e-02,2.45846e-02,2.43591e-02,2.41326e-02,2.39056e-02,2.36828e-02,2.34481e-02
2.86122e-02,2.87948e-02,2.89368e-02,2.90926e-02,2.92059e-02,2.93506e-02,2.94973e-02,2.96590e-02,2.97848e-02,2.98987e-02,3.00046e-02,3.01211e-02,3.02477e-02,3.03649e-02,3.04879e-02,3.06314e-02,3.07246e-02,3.08164e-02,3.09099e-02,3.09895e-02,3.10746e-02,3.11208e-02,3.11864e-02,3.12680e-02,3.13339e-02,3.14170e-02,3.14551e-02,3.15050e-02,3.15080e-02,3.15224e-02,3.15304e-02,3.15275e-02,3.15446e-02,3.16562e-02,3.16221e-02,3.15846e-02,3.15461e-02,3.15491e-02,3.15634e-02,3.15395e-02,3.15181e-02,3.14869e-02,3.14357e-02,3.14288e-02,3.13787e-02,3.13618e-02,3.13359e-02,3.12835e-02,3.12306e-02,3.12484e-02,3.11169e-02
3.34764e-02,3.32773e-02,3.30757e-02,3.28748e-02,3.26735e-02,3.24713e-02,3.22685e-02,3.20645e-02,3.18590e-02,3.16541e-02,3.14482e-02,3.12421e-02,3.10362e-02,3.08293e-02,3.06223e-02,3.04176e-02,3.02081e-02,2.99985e-02,2.97891e-02,2.95782e-02,2.93669e-02,2.91540e-02,2.89412e-02,2.87291e-02,2.85156e-02,2.83042e-02,2.80883e-02,2.78728e-02,2.76548e-02,2.74377e-02,2.72193e-02,2.69987e-02,2.67801e-02,2.65656e-02,2.63414e-02,2.61161e-02,2.58928e-02,2.56696e-02,2.54467e-02,2.52206e-02,2.49947e-02,2.47691e-02,2.45420e-02,2.43171e-02,2.40895e-02,2.38633e-02,2.36350e-02,2.34065e-02,2.31775e-02,2.29505e-02,2.27164e-02
3.51758e-02,3.50530e-02,3.49185e-02,3.47878e-02,3.46541e-02,3.45197e-02,3.43852e-02,3.42470e-02,3.41054e-02,3.39612e-02,3.38144e-02,3.36699e-02,3.35279e-02,3.33830e-02,3.32392e-02,3.31023e-02,3.29493e-02,3.27960e-02,3.26431e-02,3.24857e-02,3.23294e-02,3.21623e-02,3.20000e-02,3.18419e-02,3.16791e-02,3.15220e-02,3.13505e-02,3.11821e-02,3.10004e-02,3.08211e-02,3.06403e-02,3.04550e-02,3.02762e-02,3.01232e-02,2.99277e-02,2.97307e-02,2.95346e-02,2.93487e-02,2.91656e-02,2.89709e-02,2.87768e-02,2.85806e-02,2.83784e-02,2.81885e-02,2.79860e-02,2.77927e-02,2.75954e-02,2.73916e-02,2.71873e-02,2.70016e-02,2.67743e-02
3.78324e-02,3.76360e-02,3.74341e-02,3.72338e-02,3.70324e-02,3.68299e-02,3.66270e-02,3.64220e-02,3.62180e-02,3.60104e-02,3.58012e-02,3.55927e-02,3.53850e-02,3.51756e-02,3.49664e-02,3.47610e-02,3.45472e-02,3.43331e-02,3.41192e-02,3.39028e-02,3.36865e-02,3.34656e-02,3.32462e-02,3.30286e-02,3.28085e-02,3.25915e-02,3.23669e-02,3.21435e-02,3.19141e-02,3.16851e-02,3.14557e-02,3.12232e-02,3.09941e-02,3.07759e-02,3.05376e-02,3.02983e-02,3.00603e-02,2.98256e-02,2.95920e-02,2.93523e-02,2.91130e-02,2.88731e-02,2.86304e-02,2.83929e-02,2.81496e-02,2.79100e-02,2.76677e-02,2.74232e-02,2.71781e-02,2.69402e-02,2.66843e-02
3.28190e-02,3.25409e-02,3.22693e-02,3.19954e-02,3.17295e-02,3.14566e-02,3.11825e-02,3.09095e-02,3.06371e-02,3.03680e-02,3.00997e-02,2.98287e-02,2.95556e-02,2.92836e-02,2.90099e-02,2.87345e-02,2.84649e-02,2.81955e-02,2.79259e-02,2.76577e-02,2.73879e-02,2.71251e-02,2.68580e-02,2.65880e-02,2.63200e-02,2.60506e-02,2.57861e-02,2.55194e-02,2.52606e-02,2.50000e-02,2.47397e-02,2.44790e-02,2.41923e-02,2.39126e-02,2.36550e-02,2.33904e-02,2.31349e-02,2.28699e-02,2.26027e-02,2.23404e-02,2.20778e-02,2.18179e-02,2.15609e-02,2.12963e-02,2.10383e-02,2.07745e-02,2.05101e-02,2.02517e-02,1.99930e-02,1.97201e-02,1.94733e-02
4.30528e-02,4.25671e-02,4.21038e-02,4.16326e-02,4.11677e-02,4.07014e-02,4.02327e-02,3.97694e-02,3.92979e-02,3.88468e-02,3.83994e-02,3.79447e-02,3.74836e-02,3.70269e-02,3.65661e-02,3.60957e-02,3.56502e-02,3.52053e-02,3.47595e-02,3.43203e-02,3.38769e-02,3.34562e-02,3.30228e-02,3.25799e-02,3.21451e-02,3.17023e-02,3.12815e-02,3.08535e-02,3.04521e-02,3.00423e-02,2.96369e-02,2.92347e-02,2.88228e-02,2.83554e-02,2.79676e-02,2.75808e-02,2.71971e-02,2.67864e-02,2.63686e-02,2.59705e-02,2.55710e-02,2.51783e-02,2.47963e-02,2.43887e-02,2.40049e-02,2.36016e-02,2.32005e-02,2.28164e-02,2.24319e-02,2.20040e-02,2.16624e-02
3.37150e-02,3.34315e-02,3.31545e-02,3.28751e-02,3.25978e-02,3.23194e-02,3.20397e-02,3.17613e-02,3.14834e-02,3.12088e-02,3.09350e-02,3.06585e-02,3.03799e-02,3.01023e-02,2.98231e-02,2.95421e-02,2.92669e-02,2.89919e-02,2.87167e-02,2.84430e-02,2.81676e-02,2.78993e-02,2.76266e-02,2.73509e-02,2.70773e-02,2.68022e-02,2.65322e-02,2.62598e-02,2.59954e-02,2.57292e-02,2.54632e-02,2.51970e-02,2.49286e-02,2.46431e-02,2.43798e-02,2.41095e-02,2.38484e-02,2.35777e-02,2.33048e-02,2.30368e-02,2.27684e-02,2.25028e-02,2.22401e-02,2.19697e-02,2.17060e-02,2.14364e-02,2.11663e-02,2.09021e-02,2.06375e-02,2.03587e-02,2.01062e-02
2.98414e-02,2.96085e-02,2.93790e-02,2.91483e-02,2.89224e-02,2.86920e-02,2.84606e-02,2.82275e-02,2.79964e-02,2.77677e-02,2.75393e-02,2.73091e-02,2.70776e-02,2.68465e-02,2.66223e-02,2.63898e-02,2.61595e-02,2.59294e-02,2.56992e-02,2.54695e-02,2.52387e-02,2.50119e-02,2.47824e-02,2.45512e-02,2.43210e-02,2.40906e-02,2.38620e-02,2.36320e-02,2.34064e-02,2.31800e-02,2.29534e-02,2.27258e-02,2.24836e-02,2.22457e-02,2.20190e-02,2.17890e-02,2.15641e-02,2.13331e-02,2.11007e-02,2.08705e-02,2.06402e-02,2.04118e-02,2.01849e-02,1.99538e-02,1.97262e-02,1.94952e-02,1.92632e-02,1.90351e-02,1.88066e-02,1.85696e-02,1.83473e-02
4.44382e-02,4.42483e-02,4.40481e-02,4.38510e-02,4.36513e-02,4.34507e-02,4.32497e-02,4.30454e-02,4.28435e-02,4.26338e-02,4.24216e-02,4.22112e-02,4.20028e-02,4.17917e-02,4.15813e-02,4.13769e-02,4.11583e-02,4.09392e-02,4.07204e-02,4.04975e-02,4.02753e-02,4.00438e-02,3.98161e-02,3.95919e-02,3.93634e-02,3.91398e-02,3.89035e-02,3.86697e-02,3.84244e-02,3.81807e-02,3.79358e-02,3.76867e-02,3.74431e-02,3.72213e-02,3.69627e-02,3.67027e-02,3.64435e-02,3.61926e-02,3.59440e-02,3.56850e-02,3.54166e-02,3.51563e-02,3.48907e-02,3.46354e-02,3.43692e-02,3.41106e-02,3.38091e-02,3.35412e-02,3.32728e-02,3.30196e-02,3.27312e-02
3.93981e-02,3.92863e-02,3.91589e-02,3.90365e-02,3.89102e-02,3.87830e-02,3.86560e-02,3.85242e-02,3.83967e-02,3.82568e-02,3.81135e-02,3.79735e-02,3.78370e-02,3.76966e-02,3.75579e-02,3.74277e-02,3.72770e-02,3.71257e-02,3.69750e-02,3.68185e-02,3.66635e-02,3.64941e-02,3.63313e-02,3.61742e-02,3.60108e-02,3.58545e-02,3.56799e-02,3.55094e-02,3.53212e-02,3.51365e-02,3.49496e-02,3.47573e-02,3.45732e-02,3.44236e-02,3.42182e-02,3.40109e-02,3.38043e-02,3.36119e-02,3.34232e-02,3.32194e-02,3.30306e-02,3.28244e-02,3.26104e-02,3.24128e-02,3.21986e-02,3.19965e-02,3.17344e-02,3.15185e-02,3.13020e-02,3.11107e-02,3.08639e-02
3.57582e-02,3.56869e-02,3.55980e-02,3.55148e-02,3.54272e-02,3.53388e-02,3.52507e-02,3.51573e-02,3.50592e-02,3.49567e-02,3.48503e-02,3.47480e-02,3.46497e-02,3.45472e-02,3.44467e-02,3.43557e-02,3.42418e-02,3.41272e-02,3.40134e-02,3.38930e-02,3.37747e-02,3.36397e-02,3.35126e-02,3.33920e-02,3.32644e-02,3.31449e-02,3.30047e-02,3.28693e-02,3.27138e-02,3.25624e-02,3.24086e-02,3.22489e-02,3.20985e-02,3.19878e-02,3.18135e-02,3.16374e-02,3.14617e-02,3.13026e-02,3.11480e-02,3.09763e-02,3.08057e-02,3.06312e-02,3.04480e-02,3.02835e-02,3.01002e-02,2.99309e-02,2.97566e-02,2.95717e-02,2.93863e-02,2.92299e-02,2.90101e-02
3.56759e-02,3.54913e-02,3.53013e-02,3.51129e-02,3.49234e-02,3.47329e-02,3.45420e-02,3.43490e-02,3.41540e-02,3.39585e-02,3.37615e-02,3.35651e-02,3.33695e-02,3.31724e-02,3.29755e-02,3.27823e-02,3.25808e-02,3.23791e-02,3.21776e-02,3.19736e-02,3.17697e-02,3.15613e-02,3.13545e-02,3.11494e-02,3.09419e-02,3.07375e-02,3.05256e-02,3.03148e-02,3.00982e-02,2.98819e-02,2.96653e-02,2.94456e-02,2.92294e-02,2.90241e-02,2.87987e-02,2.85724e-02,2.83474e-02,2.81257e-02,2.79051e-02,2.76785e-02,2.74523e-02,2.72256e-02,2.69960e-02,2.67718e-02,2.65417e-02,2.63154e-02,2.60864e-02,2.58552e-02,2.56235e-02,2.53989e-02,2.51565e-02
3.94869e-02,3.93827e-02,3.92620e-02,3.91466e-02,3.90270e-02,3.89066e-02,3.87864e-02,3.86612e-02,3.85405e-02,3.84066e-02,3.82693e-02,3.81355e-02,3.80054e-02,3.78712e-02,3.77388e-02,3.76154e-02,3.74704e-02,3.73248e-02,3.71798e-02,3.70287e-02,3.68793e-02,3.67146e-02,3.65569e-02,3.64053e-02,3.62471e-02,3.60963e-02,3.59263e-02,3.57606e-02,3.55763e-02,3.53956e-02,3.52127e-02,3.50241e-02,3.48441e-02,3.47008e-02,3.44985e-02,3.42943e-02,3.40906e-02,3.39021e-02,3.37176e-02,3.35172e-02,3.33325e-02,3.31295e-02,3.29183e-02,3.27244e-02,3.25129e-02,3.23143e-02,3.20530e-02,3.18399e-02,3.16261e-02,3.14391e-02,3.11935e-02
4.13191e-02,4.09135e-02,4.05227e-02,4.01266e-02,3.97347e-02,3.93416e-02,3.89466e-02,3.85549e-02,3.81576e-02,3.77741e-02,3.73930e-02,3.70067e-02,3.66160e-02,3.62280e-02,3.58371e-02,3.54402e-02,3.50592e-02,3.46786e-02,3.42974e-02,3.39204e-02,3.35402e-02,3.31754e-02,3.28018e-02,3.24217e-02,3.20469e-02,3.16670e-02,3.13012e-02,3.09304e-02,3.05775e-02,3.02185e-02,2.98626e-02,2.95082e-02,2.91477e-02,2.87496e-02,2.84042e-02,2.80592e-02,2.77169e-02,2.73558e-02,2.69897e-02,2.66364e-02,2.62822e-02,2.59328e-02,2.55905e-02,2.52309e-02,2.48870e-02,2.45300e-02,2.41738e-02,2.38295e-02,2.34847e-02,2.31101e-02,2.27938e-02
4.04929e-02,4.04468e-02,4.03774e-02,4.03156e-02,4.02477e-02,4.01791e-02,4.01111e-02,4.00362e-02,3.99681e-02,3.98809e-02,3.97889e-02,3.97023e-02,3.96212e-02,3.95345e-02,3.94507e-02,3.93790e-02,3.92776e-02,3.91752e-02,3.90738e-02,3.89639e-02,3.88568e-02,3.87277e-02,3.86090e-02,3.84991e-02,3.83801e-02,3.82711e-02,3.81356e-02,3.80065e-02,3.78506e-02,3.77006e-02,3.75471e-02,3.73865e-02,3.72375e-02,3.71415e-02,3.69620e-02,3.67801e-02,3.65983e-02,3.64389e-02,3.62856e-02,3.61101e-02,3.59149e-02,3.57353e-02,3.55441e-02,3.53778e-02,3.51867e-02,3.50140e-02,3.47567e-02,3.45636e-02,3.43697e-02,3.42150e-02,3.39760e-02
1.94819e-02,1.94455e-02,2.24421e-02,2.23983e-02,2.23435e-02,2.22964e-02,2.23705e-02,2.23277e-02,2.22741e-02,2.22162e-02,2.21792e-02,2.21234e-02,2.21000e-02,2.20627e-02,2.19868e-02,2.38475e-02,2.37846e-02,2.37422e-02,2.39394e-02,2.38765e-02,2.38110e-02,2.39292e-02,2.38583e-02,2.37917e-02,2.37207e-02,2.36554e-02,2.35763e-02,2.35004e-02,2.36552e-02,2.35703e-02,2.34828e-02,2.70889e-02,2.70385e-02,2.69790e-02,2.69277e-02,2.68406e-02,2.68392e-02,2.67481e-02,2.66601e-02,2.59127e-02,2.58142e-02,2.56833e-02,2.55772e-02,2.54835e-02,2.53776e-02,2.52809e-02,2.51806e-02,2.50491e-02,2.49422e-02,2.48538e-02,2.47279e-02
3.90632e-02,3.87531e-02,3.84490e-02,3.81426e-02,3.78380e-02,3.75323e-02,3.72254e-02,3.69195e-02,3.66108e-02,3.63083e-02,3.60066e-02,3.57021e-02,3.53955e-02,3.50899e-02,3.47826e-02,3.44736e-02,3.41699e-02,3.38663e-02,3.35625e-02,3.32599e-02,3.29556e-02,3.26580e-02,3.23561e-02,3.20513e-02,3.17484e-02,3.14441e-02,3.11443e-02,3.08423e-02,3.05477e-02,3.02499e-02,2.99536e-02,2.96569e-02,2.93583e-02,2.90432e-02,2.87490e-02,2.84547e-02,2.81624e-02,2.78610e-02,2.75572e-02,2.72581e-02,2.69585e-02,2.66615e-02,2.63672e-02,2.60655e-02,2.57701e-02,2.54690e-02,2.51671e-02,2.48709e-02,2.45743e-02,2.42640e-02,2.39786e-02
3.32725e-02,3.31398e-02,3.29975e-02,3.28583e-02,3.27168e-02,3.25745e-02,3.24321e-02,3.22865e-02,3.21381e-02,3.19878e-02,3.18353e-02,3.16846e-02,3.15358e-02,3.13846e-02,3.12342e-02,3.10897e-02,3.09318e-02,3.07736e-02,3.06158e-02,3.04543e-02,3.02935e-02,3.01242e-02,2.99585e-02,2.97963e-02,2.96302e-02,2.94688e-02,2.92955e-02,2.91247e-02,2.89432e-02,2.87634e-02,2.85826e-02,2.83978e-02,2.82184e-02,2.80596e-02,2.78662e-02,2.76716e-02,2.74780e-02,2.72923e-02,2.71088e-02,2.69156e-02,2.67231e-02,2.65290e-02,2.63300e-02,2.61409e-02,2.59417e-02,2.57497e-02,2.55543e-02,2.53539e-02,2.51529e-02,2.49666e-02,2.47471e-02
4.38567e-02,4.35538e-02,4.32532e-02,4.29515e-02,4.26506e-02,4.23485e-02,4.20454e-02,4.17422e-02,4.14374e-02,4.11356e-02,4.08337e-02,4.05300e-02,4.02252e-02,3.99204e-02,3.96144e-02,3.93085e-02,3.90034e-02,3.86981e-02,3.83927e-02,3.80873e-02,3.77807e-02,3.74771e-02,3.71710e-02,3.68634e-02,3.65563e-02,3.62490e-02,3.59424e-02,3.56345e-02,3.53298e-02,3.50229e-02,3.47168e-02,3.44094e-02,3.41017e-02,3.37862e-02,3.34785e-02,3.31702e-02,3.28637e-02,3.25520e-02,3.22389e-02,3.19270e-02,3.16148e-02,3.13041e-02,3.09943e-02,3.06810e-02,3.03701e-02,3.00564e-02,2.97413e-02,2.94293e-02,2.91167e-02,2.87970e-02,2.84885e-02
3.09070e-02,3.09035e-02,3.08779e-02,3.08598e-02,3.08192e-02,3.07948e-02,3.07711e-02,3.07410e-02,3.07053e-02,3.06637e-02,3.06177e-02,3.05769e-02,3.05414e-02,3.05007e-02,3.04628e-02,3.04366e-02,3.03823e-02,3.03272e-02,3.02731e-02,3.02111e-02,3.01518e-02,3.00718e-02,3.00018e-02,2.99402e-02,2.98700e-02,2.98096e-02,2.97241e-02,2.96447e-02,2.95401e-02,2.94411e-02,2.93390e-02,2.92301e-02,2.91325e-02,2.90851e-02,2.89586e-02,2.88300e-02,2.87016e-02,2.85946e-02,2.84934e-02,2.83711e-02,2.82502e-02,2.81245e-02,2.79879e-02,2.78749e-02,2.77385e-02,2.76198e-02,2.74954e-02,2.73575e-02,2.72190e-02,2.71176e-02,2.69365e-02
3.58005e-02,3.58328e-02,3.58362e-02,3.58493e-02,3.58547e-02,3.58596e-02,3.58655e-02,3.58632e-02,3.58695e-02,3.58519e-02,3.58285e-02,3.58122e-02,3.58029e-02,3.57867e-02,3.57744e-02,3.57769e-02,3.57431e-02,3.57082e-02,3.56745e-02,3.56307e-02,3.55905e-02,3.55228e-02,3.54685e-02,3.54253e-02,3.53708e-02,3.53288e-02,3.52542e-02,3.51879e-02,3.50883e-02,3.49963e-02,3.49000e-02,3.47953e-02,3.47050e-02,3.46809e-02,3.45534e-02,3.44232e-02,3.42928e-02,3.41910e-02,3.40969e-02,3.39754e-02,3.38811e-02,3.37546e-02,3.36138e-02,3.35041e-02,3.33637e-02,3.32465e-02,3.30268e-02,3.28843e-02,3.27412e-02,3.26474e-02,3.24484e-02
3.52359e-02,3.53894e-02,3.55012e-02,3.56271e-02,3.57419e-02,3.58564e-02,3.59727e-02,3.60774e-02,3.61948e-02,3.62774e-02,3.63518e-02,3.64368e-02,3.65321e-02,3.66178e-02,3.67093e-02,3.68216e-02,3.68825e-02,3.69418e-02,3.70029e-02,3.70495e-02,3.71019e-02,3.71142e-02,3.71464e-02,3.71948e-02,3.72271e-02,3.72769e-02,3.72807e-02,3.72964e-02,3.72641e-02,3.72434e-02,3.72161e-02,3.71775e-02,3.71593e-02,3.72375e-02,3.71669e-02,3.70927e-02,3.70174e-02,3.69845e-02,3.69629e-02,3.69023e-02,3.68078e-02,3.67396e-02,3.66509e-02,3.66072e-02,3.65194e-02,3.64653e-02,3.62682e-02,3.61778e-02,3.60867e-02,3.60678e-02,3.58964e-02
4.08331e-02,4.03174e-02,3.98288e-02,3.93307e-02,3.88402e-02,3.83482e-02,3.78535e-02,3.73655e-02,3.68679e-02,3.63946e-02,3.59260e-02,3.54488e-02,3.49640e-02,3.44847e-02,3.40005e-02,3.35047e-02,3.30393e-02,3.25747e-02,3.21090e-02,3.16514e-02,3.11889e-02,3.07537e-02,3.03035e-02,2.98420e-02,2.93904e-02,2.89289e-02,2.84944e-02,2.80513e-02,2.76403e-02,2.72211e-02,2.68054e-02,2.63941e-02,2.59708e-02,2.54813e-02,2.50878e-02,2.46630e-02,2.42743e-02,2.38536e-02,2.34246e-02,2.30194e-02,2.26126e-02,2.22139e-02,2.18281e-02,2.14118e-02,2.10240e-02,2.06131e-02,2.02052e-02,1.98175e-02,1.94295e-02,1.89898e-02,1.86535e-02
3.19377e-02,3.14730e-02,3.10354e-02,3.05884e-02,3.01717e-02,2.97310e-02,2.92878e-02,2.88339e-02,2.84025e-02,2.79810e-02,2.75643e-02,2.71390e-02,2.67064e-02,2.62793e-02,2.59024e-02,2.54591e-02,2.50463e-02,2.46343e-02,2.42214e-02,2.38167e-02,2.34073e-02,2.30251e-02,2.26282e-02,2.22200e-02,2.18219e-02,2.14140e-02,2.10331e-02,2.06438e-02,2.02866e-02,1.99213e-02,1.95597e-02,1.92024e-02,1.87420e-02,1.83072e-02,1.78335e-02,1.74633e-02,1.68532e-02,1.64874e-02,1.61135e-02,1.76343e-02,1.72827e-02,1.70215e-02,1.66910e-02,1.63303e-02,1.59981e-02,1.56430e-02,1.52910e-02,1.50240e-02,1.46920e-02,1.43087e-02,1.33843e-02
3.66902e-02,3.63595e-02,3.60385e-02,3.57140e-02,3.53924e-02,3.50696e-02,3.47454e-02,3.44232e-02,3.41022e-02,3.37855e-02,3.34702e-02,3.31512e-02,3.28292e-02,3.25090e-02,3.21865e-02,3.18607e-02,3.15446e-02,3.12288e-02,3.09125e-02,3.05988e-02,3.02829e-02,2.99772e-02,2.96654e-02,2.93494e-02,2.90366e-02,2.87209e-02,2.84138e-02,2.81033e-02,2.78046e-02,2.75015e-02,2.72007e-02,2.69002e-02,2.65962e-02,2.62671e-02,2.59720e-02,2.56784e-02,2.53857e-02,2.50800e-02,2.47710e-02,2.44699e-02,2.41682e-02,2.38701e-02,2.35765e-02,2.32715e-02,2.29767e-02,2.26732e-02,2.23697e-02,2.20744e-02,2.17787e-02,2.14628e-02,2.11854e-02
2.73578e-02,2.72065e-02,2.70514e-02,2.68976e-02,2.67408e-02,2.65855e-02,2.64297e-02,2.62750e-02,2.61161e-02,2.59572e-02,2.57973e-02,2.56376e-02,2.54786e-02,2.53184e-02,2.51518e-02,2.49949e-02,2.48314e-02,2.46679e-02,2.45047e-02,2.43396e-02,2.41745e-02,2.40064e-02,2.38393e-02,2.36734e-02,2.35058e-02,2.33409e-02,2.31700e-02,2.30000e-02,2.28259e-02,2.26533e-02,2.24792e-02,2.23026e-02,2.21387e-02,2.19725e-02,2.17915e-02,2.16157e-02,2.14356e-02,2.12573e-02,2.10798e-02,2.08977e-02,2.07161e-02,2.05344e-02,2.03507e-02,2.01708e-02,1.99867e-02,1.98054e-02,1.96218e-02,1.94370e-02,1.92519e-02,1.90714e-02,1.88784e-02
3.66913e-02,3.66041e-02,3.65003e-02,3.64020e-02,3.62995e-02,3.61961e-02,3.60931e-02,3.59850e-02,3.58815e-02,3.57648e-02,3.56446e-02,3.55280e-02,3.54152e-02,3.52983e-02,3.51833e-02,3.50773e-02,3.49497e-02,3.48215e-02,3.46939e-02,3.45602e-02,3.44283e-02,3.42809e-02,3.41407e-02,3.40067e-02,3.38660e-02,3.37329e-02,3.35803e-02,3.34323e-02,3.32654e-02,3.31023e-02,3.29369e-02,3.27660e-02,3.26037e-02,3.24784e-02,3.22936e-02,3.21071e-02,3.19211e-02,3.17503e-02,3.15838e-02,3.14012e-02,3.12195e-02,3.10344e-02,3.08410e-02,3.06651e-02,3.04715e-02,3.02910e-02,3.01058e-02,2.99107e-02,2.97150e-02,2.95463e-02,2.93185e-02
4.18043e-02,4.15842e-02,4.13586e-02,4.11346e-02,4.09093e-02,4.06830e-02,4.04562e-02,4.02273e-02,3.99993e-02,3.97677e-02,3.95346e-02,3.93019e-02,3.90700e-02,3.88365e-02,3.86031e-02,3.83733e-02,3.81352e-02,3.78968e-02,3.76585e-02,3.74178e-02,3.71770e-02,3.69317e-02,3.66879e-02,3.64456e-02,3.62010e-02,3.59593e-02,3.57101e-02,3.54619e-02,3.52080e-02,3.49543e-02,3.47002e-02,3.44430e-02,3.41891e-02,3.39456e-02,3.36826e-02,3.34185e-02,3.31556e-02,3.28959e-02,3.26370e-02,3.23723e-02,3.21078e-02,3.18428e-02,3.15750e-02,3.13121e-02,3.10435e-02,3.07786e-02,3.05108e-02,3.02409e-02,2.99704e-02,2.97066e-02,2.94254e-02
2.43088e-02,2.37929e-02,2.89359e-02,2.84447e-02,2.79949e-02,2.75129e-02,2.65724e-02,2.60729e-02,2.56046e-02,2.51656e-02,2.42097e-02,2.37503e-02,2.31762e-02,2.26512e-02,2.22586e-02,2.78755e-02,2.04046e-02,1.98907e-02,1.84224e-02,1.79836e-02,1.13453e-02,1.01875e-02,9.76942e-03,9.33623e-03,5.56159e-03,5.12867e-03,3.85538e-03,-1.81633e-04,-1.49635e-03,-2.15680e-03,1.70732e-05,-4.86801e-04,-9.88802e-04,-1.45605e-03,-2.00698e-02,-1.30723e-02,-1.37753e-02,-1.47018e-02,-1.50840e-02,-1.81433e-02,-1.83469e-02,-2.01998e-02,-2.69586e-02,-3.05211e-02,-3.23877e-02,-3.27428e-02,-3.54676e-02,-3.78584e-02,-2.86648e-02,-2.62571e-02,-2.73777e-02
3.25300e-02,3.22620e-02,3.19996e-02,3.17351e-02,3.14777e-02,3.12140e-02,3.09492e-02,3.06853e-02,3.04218e-02,3.01612e-02,2.99014e-02,2.96390e-02,2.93748e-02,2.91115e-02,2.88467e-02,2.85806e-02,2.83191e-02,2.80579e-02,2.77965e-02,2.75363e-02,2.72745e-02,2.70189e-02,2.67595e-02,2.64974e-02,2.62371e-02,2.59757e-02,2.57184e-02,2.54590e-02,2.52065e-02,2.49525e-02,2.46986e-02,2.44441e-02,2.41670e-02,2.38961e-02,2.36440e-02,2.33861e-02,2.31360e-02,2.28775e-02,2.26170e-02,2.23606e-02,2.21039e-02,2.18497e-02,2.15979e-02,2.13396e-02,2.10869e-02,2.08292e-02,2.05707e-02,2.03175e-02,2.00640e-02,1.97981e-02,1.95548e-02
4.01426e-02,4.00238e-02,3.98898e-02,3.97607e-02,3.96277e-02,3.94939e-02,3.93602e-02,3.92218e-02,3.90875e-02,3.89410e-02,3.87913e-02,3.86447e-02,3.85016e-02,3.83546e-02,3.82093e-02,3.80723e-02,3.79152e-02,3.77575e-02,3.76003e-02,3.74374e-02,3.72760e-02,3.71004e-02,3.69312e-02,3.67677e-02,3.65980e-02,3.64353e-02,3.62545e-02,3.60777e-02,3.58836e-02,3.56928e-02,3.54999e-02,3.53017e-02,3.51115e-02,3.49552e-02,3.47439e-02,3.45310e-02,3.43186e-02,3.41201e-02,3.39253e-02,3.37156e-02,3.35206e-02,3.33086e-02,3.30889e-02,3.28852e-02,3.26652e-02,3.24571e-02,3.21899e-02,3.19683e-02,3.17460e-02,3.15483e-02,3.12964e-02
3.54544e-02,3.52615e-02,3.50642e-02,3.48682e-02,3.46713e-02,3.44735e-02,3.42751e-02,3.40751e-02,3.38731e-02,3.36710e-02,3.34677e-02,3.32646e-02,3.30621e-02,3.28583e-02,3.26545e-02,3.24540e-02,3.22464e-02,3.20386e-02,3.18310e-02,3.16212e-02,3.14114e-02,3.11981e-02,3.09859e-02,3.07749e-02,3.05620e-02,3.03518e-02,3.01351e-02,2.99193e-02,2.96988e-02,2.94784e-02,2.92578e-02,2.90344e-02,2.88139e-02,2.86019e-02,2.83736e-02,2.81443e-02,2.79165e-02,2.76909e-02,2.74660e-02,2.72362e-02,2.70066e-02,2.67768e-02,2.65447e-02,2.63167e-02,2.60840e-02,2.58543e-02,2.56220e-02,2.53883e-02,2.51541e-02,2.49251e-02,2.46821e-02
4.56807e-02,4.55135e-02,4.53326e-02,4.51561e-02,4.49760e-02,4.47950e-02,4.46139e-02,4.44286e-02,4.42467e-02,4.40542e-02,4.38586e-02,4.36657e-02,4.34756e-02,4.32820e-02,4.30897e-02,4.29048e-02,4.27019e-02,4.24984e-02,4.22952e-02,4.20869e-02,4.18798e-02,4.16602e-02,4.14461e-02,4.12367e-02,4.10218e-02,4.08130e-02,4.05881e-02,4.03666e-02,4.01299e-02,3.98958e-02,3.96599e-02,3.94191e-02,3.91852e-02,3.89807e-02,3.87280e-02,3.84736e-02,3.82198e-02,3.79778e-02,3.77389e-02,3.74867e-02,3.72226e-02,3.69683e-02,3.67072e-02,3.64600e-02,3.61984e-02,3.59470e-02,3.56426e-02,3.53792e-02,3.51151e-02,3.48721e-02,3.45818e-02
2.97209e-02,2.94864e-02,2.92556e-02,2.90235e-02,2.87965e-02,2.85647e-02,2.83320e-02,2.80975e-02,2.78652e-02,2.76353e-02,2.74058e-02,2.71744e-02,2.69416e-02,2.67094e-02,2.64844e-02,2.62506e-02,2.60193e-02,2.57881e-02,2.55569e-02,2.53263e-02,2.50945e-02,2.48670e-02,2.46366e-02,2.44045e-02,2.41734e-02,2.39420e-02,2.37126e-02,2.34819e-02,2.32558e-02,2.30289e-02,2.28017e-02,2.25736e-02,2.23301e-02,2.20910e-02,2.18641e-02,2.16335e-02,2.14083e-02,2.11768e-02,2.09439e-02,2.07133e-02,2.04827e-02,2.02540e-02,2.00269e-02,1.97953e-02,1.95675e-02,1.93362e-02,1.91038e-02,1.88755e-02,1.86469e-02,1.84093e-02,1.81873e-02
3.01222e-02,2.98888e-02,2.96588e-02,2.94276e-02,2.92010e-02,2.89700e-02,2.87381e-02,2.85045e-02,2.82728e-02,2.80434e-02,2.78143e-02,2.75834e-02,2.73512e-02,2.71195e-02,2.68866e-02,2.66536e-02,2.64225e-02,2.61916e-02,2.59607e-02,2.57302e-02,2.54986e-02,2.52709e-02,2.50406e-02,2.48086e-02,2.45775e-02,2.43462e-02,2.41167e-02,2.38857e-02,2.36591e-02,2.34317e-02,2.32040e-02,2.29753e-02,2.27325e-02,2.24939e-02,2.22660e-02,2.20349e-02,2.18088e-02,2.15767e-02,2.13433e-02,2.11119e-02,2.08805e-02,2.06509e-02,2.04227e-02,2.01904e-02,1.99615e-02,1.97294e-02,1.94962e-02,1.92668e-02,1.90370e-02,1.87990e-02,1.85751e-02
3.54219e-02,3.52215e-02,3.50176e-02,3.48147e-02,3.46111e-02,3.44066e-02,3.42015e-02,3.39948e-02,3.37866e-02,3.35784e-02,3.33691e-02,3.31598e-02,3.29510e-02,3.27409e-02,3.25308e-02,3.23236e-02,3.21103e-02,3.18968e-02,3.16834e-02,3.14682e-02,3.12528e-02,3.10348e-02,3.08173e-02,3.06008e-02,3.03827e-02,3.01669e-02,2.99456e-02,2.97249e-02,2.95005e-02,2.92758e-02,2.90512e-02,2.88239e-02,2.85992e-02,2.83810e-02,2.81494e-02,2.79169e-02,2.76860e-02,2.74563e-02,2.72272e-02,2.69938e-02,2.67607e-02,2.65276e-02,2.62925e-02,2.60607e-02,2.58250e-02,2.55916e-02,2.53558e-02,2.51191e-02,2.48820e-02,2.46486e-02,2.44042e-02
3.55704e-02,3.54085e-02,3.52388e-02,3.50715e-02,3.49024e-02,3.47324e-02,3.45621e-02,3.43892e-02,3.42137e-02,3.40369e-02,3.38582e-02,3.36807e-02,3.35047e-02,3.33266e-02,3.31491e-02,3.29765e-02,3.27927e-02,3.26085e-02,3.24247e-02,3.22377e-02,3.20511e-02,3.18577e-02,3.16670e-02,3.14790e-02,3.12877e-02,3.11005e-02,3.09032e-02,3.07078e-02,3.05038e-02,3.03008e-02,3.00971e-02,2.98898e-02,2.96871e-02,2.95008e-02,2.92861e-02,2.90703e-02,2.88556e-02,2.86468e-02,2.84397e-02,2.82245e-02,2.80098e-02,2.77940e-02,2.75742e-02,2.73622e-02,2.71420e-02,2.69275e-02,2.67099e-02,2.64884e-02,2.62664e-02,2.60558e-02,2.58186e-02
4.60960e-02,4.58265e-02,4.55542e-02,4.52825e-02,4.50103e-02,4.47370e-02,4.44628e-02,4.41873e-02,4.39117e-02,4.36348e-02,4.33568e-02,4.30785e-02,4.28002e-02,4.25208e-02,4.22410e-02,4.19636e-02,4.16810e-02,4.13981e-02,4.11152e-02,4.08306e-02,4.05455e-02,4.02586e-02,3.99716e-02,3.96851e-02,3.93972e-02,3.91111e-02,3.88203e-02,3.85297e-02,3.82364e-02,3.79425e-02,3.76485e-02,3.73520e-02,3.70575e-02,3.67669e-02,3.64664e-02,3.61650e-02,3.58650e-02,3.55651e-02,3.52652e-02,3.49618e-02,3.46616e-02,3.43585e-02,3.40537e-02,3.37510e-02,3.34453e-02,3.31409e-02,3.28178e-02,3.25107e-02,3.22029e-02,3.18969e-02,3.15838e-02
4.24847e-02,4.22253e-02,4.19643e-02,4.17035e-02,4.14426e-02,4.11805e-02,4.09177e-02,4.06538e-02,4.03895e-02,4.01249e-02,3.98596e-02,3.95936e-02,3.93274e-02,3.90603e-02,3.87928e-02,3.85271e-02,3.82577e-02,3.79880e-02,3.77183e-02,3.74474e-02,3.71759e-02,3.69036e-02,3.66308e-02,3.63581e-02,3.60843e-02,3.58121e-02,3.55364e-02,3.52605e-02,3.49834e-02,3.47052e-02,3.44273e-02,3.41472e-02,3.38686e-02,3.35914e-02,3.33082e-02,3.30242e-02,3.27417e-02,3.24582e-02,3.21744e-02,3.18883e-02,3.16022e-02,3.13166e-02,3.10299e-02,3.07441e-02,3.04566e-02,3.01695e-02,2.98803e-02,2.95916e-02,2.93023e-02,2.90128e-02,2.87202e-02
3.78509e-02,3.74831e-02,3.71283e-02,3.67689e-02,3.64132e-02,3.60563e-02,3.56978e-02,3.53421e-02,3.49883e-02,3.46399e-02,3.42935e-02,3.39424e-02,3.35875e-02,3.32350e-02,3.28799e-02,3.25198e-02,3.21733e-02,3.18271e-02,3.14804e-02,3.11373e-02,3.07915e-02,3.04591e-02,3.01190e-02,2.97732e-02,2.94320e-02,2.90865e-02,2.87531e-02,2.84153e-02,2.80931e-02,2.77655e-02,2.74407e-02,2.71170e-02,2.67882e-02,2.64265e-02,2.61105e-02,2.57967e-02,2.54836e-02,2.51539e-02,2.48199e-02,2.44968e-02,2.41730e-02,2.38536e-02,2.35402e-02,2.32118e-02,2.28971e-02,2.25710e-02,2.22454e-02,2.19303e-02,2.16148e-02,2.12731e-02,2.09823e-02
2.73522e-02,2.72394e-02,2.71185e-02,2.70004e-02,2.68749e-02,2.67541e-02,2.66332e-02,2.65150e-02,2.63889e-02,2.62616e-02,2.61325e-02,2.60047e-02,2.58787e-02,2.57506e-02,2.56085e-02,2.54862e-02,2.53525e-02,2.52186e-02,2.50852e-02,2.49485e-02,2.48124e-02,2.46693e-02,2.45293e-02,2.43921e-02,2.42516e-02,2.41155e-02,2.39690e-02,2.38247e-02,2.36714e-02,2.35208e-02,2.33681e-02,2.32119e-02,2.30839e-02,2.29498e-02,2.27863e-02,2.26328e-02,2.24695e-02,2.23125e-02,2.21574e-02,2.19941e-02,2.18314e-02,2.16676e-02,2.14997e-02,2.13402e-02,2.11721e-02,2.10102e-02,2.08452e-02,2.06762e-02,2.05069e-02,2.03497e-02,2.01646e-02
3.71126e-02,3.68896e-02,3.66644e-02,3.64397e-02,3.62146e-02,3.59886e-02,3.57619e-02,3.55340e-02,3.53048e-02,3.50761e-02,3.48465e-02,3.46165e-02,3.43866e-02,3.41558e-02,3.39246e-02,3.36957e-02,3.34623e-02,3.32287e-02,3.29952e-02,3.27604e-02,3.25251e-02,3.22884e-02,3.20517e-02,3.18154e-02,3.15779e-02,3.13422e-02,3.11024e-02,3.08627e-02,3.06211e-02,3.03787e-02,3.01365e-02,2.98920e-02,2.96495e-02,2.94099e-02,2.91621e-02,2.89135e-02,2.86665e-02,2.84192e-02,2.81719e-02,2.79217e-02,2.76717e-02,2.74221e-02,2.71711e-02,2.69218e-02,2.66702e-02,2.64196e-02,2.61669e-02,2.59142e-02,2.56610e-02,2.54090e-02,2.51514e-02
3.73898e-02,3.73427e-02,3.72742e-02,3.72127e-02,3.71458e-02,3.70781e-02,3.70109e-02,3.69375e-02,3.68702e-02,3.67856e-02,3.66966e-02,3.66125e-02,3.65334e-02,3.64492e-02,3.63676e-02,3.62972e-02,3.61996e-02,3.61011e-02,3.60035e-02,3.58981e-02,3.57953e-02,3.56724e-02,3.55591e-02,3.54537e-02,3.53400e-02,3.52356e-02,3.51069e-02,3.49839e-02,3.48367e-02,3.46947e-02,3.45495e-02,3.43977e-02,3.42568e-02,3.41641e-02,3.39950e-02,3.38237e-02,3.36527e-02,3.35021e-02,3.33570e-02,3.31914e-02,3.30461e-02,3.28771e-02,3.26975e-02,3.25405e-02,3.23610e-02,3.21983e-02,3.19573e-02,3.17759e-02,3.15939e-02,3.14474e-02,3.12242e-02
3.52099e-02,3.51895e-02,3.51463e-02,3.51106e-02,3.50691e-02,3.50269e-02,3.49853e-02,3.49372e-02,3.48831e-02,3.48230e-02,3.47581e-02,3.46987e-02,3.46447e-02,3.45852e-02,3.45286e-02,3.44840e-02,3.44103e-02,3.43358e-02,3.42622e-02,3.41804e-02,3.41014e-02,3.40007e-02,3.39105e-02,3.38290e-02,3.37384e-02,3.36579e-02,3.35514e-02,3.34512e-02,3.33248e-02,3.32043e-02,3.30803e-02,3.29494e-02,3.28301e-02,3.27628e-02,3.26135e-02,3.24619e-02,3.23106e-02,3.21813e-02,3.20581e-02,3.19130e-02,3.17693e-02,3.16204e-02,3.14602e-02,3.13245e-02,3.11645e-02,3.10227e-02,3.08751e-02,3.07133e-02,3.05509e-02,3.04270e-02,3.02203e-02
2.13303e-02,2.12236e-02,2.21831e-02,2.20734e-02,2.19595e-02,2.18481e-02,2.17813e-02,2.16712e-02,2.15560e-02,2.14407e-02,2.13735e-02,2.12575e-02,2.11543e-02,2.10456e-02,2.09208e-02,2.08087e-02,2.06887e-02,2.05769e-02,2.05470e-02,2.04274e-02,2.03059e-02,2.02484e-02,2.01244e-02,2.00023e-02,1.98780e-02,1.97570e-02,1.96289e-02,1.95021e-02,1.94555e-02,1.93252e-02,1.91934e-02,1.90588e-02,1.89414e-02,1.88207e-02,1.87004e-02,1.85675e-02,1.84659e-02,1.83305e-02,1.81961e-02,1.78284e-02,1.76891e-02,1.75379e-02,1.73958e-02,1.72590e-02,1.71168e-02,1.69784e-02,1.68375e-02,1.66849e-02,1.65419e-02,1.64058e-02,1.62558e-02
3.93639e-02,3.90381e-02,3.87198e-02,3.83988e-02,3.80800e-02,3.77601e-02,3.74388e-02,3.71189e-02,3.67957e-02,3.64801e-02,3.61655e-02,3.58477e-02,3.55274e-02,3.52084e-02,3.48875e-02,3.45642e-02,3.42479e-02,3.39319e-02,3.36155e-02,3.33008e-02,3.29843e-02,3.26758e-02,3.23623e-02,3.20454e-02,3.17308e-02,3.14142e-02,3.11039e-02,3.07907e-02,3.04868e-02,3.01792e-02,2.98734e-02,2.95674e-02,2.92588e-02,2.89303e-02,2.86280e-02,2.83256e-02,2.80254e-02,2.77144e-02,2.74007e-02,2.70929e-02,2.67847e-02,2.64793e-02,2.61774e-02,2.58665e-02,2.55634e-02,2.52534e-02,2.49429e-02,2.46391e-02,2.43348e-02,2.40142e-02,2.37242e-02
4.52404e-02,4.48289e-02,4.44306e-02,4.40274e-02,4.36280e-02,4.32273e-02,4.28248e-02,4.24251e-02,4.20202e-02,4.16277e-02,4.12371e-02,4.08417e-02,4.04423e-02,4.00453e-02,3.96455e-02,3.92406e-02,3.88493e-02,3.84584e-02,3.80668e-02,3.76788e-02,3.72879e-02,3.69106e-02,3.65253e-02,3.61342e-02,3.57476e-02,3.53566e-02,3.49777e-02,3.45943e-02,3.42268e-02,3.38536e-02,3.34832e-02,3.31138e-02,3.27391e-02,3.23308e-02,3.19690e-02,3.16074e-02,3.12484e-02,3.08723e-02,3.04918e-02,3.01223e-02,2.97520e-02,2.93860e-02,2.90262e-02,2.86509e-02,2.82895e-02,2.79163e-02,2.75436e-02,2.71815e-02,2.68188e-02,2.64295e-02,2.60918e-02
3.86096e-02,3.84298e-02,3.82422e-02,3.80570e-02,3.78699e-02,3.76820e-02,3.74936e-02,3.73026e-02,3.71133e-02,3.69184e-02,3.67216e-02,3.65259e-02,3.63317e-02,3.61354e-02,3.59395e-02,3.57485e-02,3.55464e-02,3.53438e-02,3.51416e-02,3.49361e-02,3.47311e-02,3.45192e-02,3.43100e-02,3.41034e-02,3.38935e-02,3.36876e-02,3.34716e-02,3.32575e-02,3.30348e-02,3.28132e-02,3.25907e-02,3.23647e-02,3.21431e-02,3.19377e-02,3.17042e-02,3.14695e-02,3.12360e-02,3.10081e-02,3.07819e-02,3.05477e-02,3.03139e-02,3.00790e-02,2.98400e-02,2.96089e-02,2.93694e-02,2.91356e-02,2.88986e-02,2.86578e-02,2.84165e-02,2.81863e-02,2.79298e-02
3.26618e-02,3.24606e-02,3.22576e-02,3.20551e-02,3.18519e-02,3.16483e-02,3.14440e-02,3.12387e-02,3.10322e-02,3.08264e-02,3.06199e-02,3.04129e-02,3.02059e-02,2.99982e-02,2.97901e-02,2.95842e-02,2.93743e-02,2.91643e-02,2.89544e-02,2.87433e-02,2.85318e-02,2.83193e-02,2.81066e-02,2.78943e-02,2.76809e-02,2.74693e-02,2.72541e-02,2.70389e-02,2.68222e-02,2.66061e-02,2.63890e-02,2.61696e-02,2.59521e-02,2.57369e-02,2.55146e-02,2.52914e-02,2.50701e-02,2.48482e-02,2.46264e-02,2.44020e-02,2.41778e-02,2.39541e-02,2.37293e-02,2.35059e-02,2.32805e-02,2.30561e-02,2.28296e-02,2.26034e-02,2.23768e-02,2.21508e-02,2.19204e-02
3.98987e-02,3.95749e-02,3.92581e-02,3.89386e-02,3.86213e-02,3.83028e-02,3.79830e-02,3.76644e-02,3.73428e-02,3.70282e-02,3.67144e-02,3.63977e-02,3.60787e-02,3.57607e-02,3.54409e-02,3.51190e-02,3.48035e-02,3.44882e-02,3.41725e-02,3.38584e-02,3.35424e-02,3.32341e-02,3.29210e-02,3.26045e-02,3.22904e-02,3.19743e-02,3.16639e-02,3.13509e-02,3.10465e-02,3.07385e-02,3.04323e-02,3.01258e-02,2.98168e-02,2.94892e-02,2.91859e-02,2.88825e-02,2.85812e-02,2.82697e-02,2.79556e-02,2.76470e-02,2.73379e-02,2.70316e-02,2.67284e-02,2.64168e-02,2.61125e-02,2.58017e-02,2.54902e-02,2.51852e-02,2.48796e-02,2.45587e-02,2.42663e-02
2.51933e-02,2.50359e-02,2.47648e-02,2.46062e-02,2.44469e-02,2.42874e-02,2.41273e-02,2.39676e-02,2.38054e-02,2.36453e-02,2.34832e-02,2.33208e-02,2.31618e-02,2.30013e-02,2.28356e-02,2.26747e-02,2.25098e-02,2.23448e-02,2.21754e-02,2.20108e-02,2.18447e-02,2.16774e-02,2.15102e-02,2.13435e-02,2.11758e-02,2.10101e-02,2.08405e-02,2.06712e-02,2.05003e-02,2.03301e-02,2.01589e-02,1.99856e-02,1.98177e-02,1.96493e-02,1.94732e-02,1.93001e-02,1.91318e-02,1.89566e-02,1.87816e-02,1.86040e-02,1.84266e-02,1.82473e-02,1.80694e-02,1.78933e-02,1.77150e-02,1.75380e-02,1.73589e-02,1.71775e-02,1.69984e-02,1.68205e-02,1.66374e-02
3.95208e-02,3.91508e-02,3.87930e-02,3.84308e-02,3.80722e-02,3.77123e-02,3.73508e-02,3.69919e-02,3.66282e-02,3.62761e-02,3.59259e-02,3.55712e-02,3.52128e-02,3.48566e-02,3.44979e-02,3.41346e-02,3.37839e-02,3.34335e-02,3.30827e-02,3.27351e-02,3.23848e-02,3.20473e-02,3.17023e-02,3.13520e-02,3.10060e-02,3.06560e-02,3.03171e-02,2.99741e-02,2.96459e-02,2.93124e-02,2.89815e-02,2.86516e-02,2.83168e-02,2.79511e-02,2.76282e-02,2.73055e-02,2.69854e-02,2.66494e-02,2.63094e-02,2.59796e-02,2.56490e-02,2.53226e-02,2.50019e-02,2.46670e-02,2.43449e-02,2.40120e-02,2.36795e-02,2.33569e-02,2.30339e-02,2.26861e-02,2.23862e-02
3.12730e-02,3.11905e-02,3.10944e-02,3.10028e-02,3.08976e-02,3.08019e-02,3.07062e-02,3.06065e-02,3.05028e-02,3.03961e-02,3.02864e-02,3.01796e-02,3.00760e-02,2.99690e-02,2.98634e-02,2.97657e-02,2.96498e-02,2.95333e-02,2.94175e-02,2.92966e-02,2.91771e-02,2.90449e-02,2.89186e-02,2.87974e-02,2.86707e-02,2.85505e-02,2.84140e-02,2.82811e-02,2.81328e-02,2.79874e-02,2.78403e-02,2.76883e-02,2.75438e-02,2.74298e-02,2.72663e-02,2.70991e-02,2.69349e-02,2.67830e-02,2.66346e-02,2.64727e-02,2.63117e-02,2.61480e-02,2.59775e-02,2.58215e-02,2.56509e-02,2.54911e-02,2.53271e-02,2.51552e-02,2.49829e-02,2.48327e-02,2.46337e-02
3.49304e-02,3.46216e-02,3.43212e-02,3.40177e-02,3.37168e-02,3.34148e-02,3.31115e-02,3.28098e-02,3.25091e-02,3.22123e-02,3.19167e-02,3.16178e-02,3.13163e-02,3.10162e-02,3.07141e-02,3.04094e-02,3.01128e-02,2.98164e-02,2.95197e-02,2.92252e-02,2.89286e-02,2.86411e-02,2.83482e-02,2.80514e-02,2.77576e-02,2.74613e-02,2.71723e-02,2.68803e-02,2.65986e-02,2.63145e-02,2.60309e-02,2.57474e-02,2.54610e-02,2.51526e-02,2.48735e-02,2.45851e-02,2.43085e-02,2.40201e-02,2.37289e-02,2.34444e-02,2.31595e-02,2.28777e-02,2.25999e-02,2.23122e-02,2.20332e-02,2.17467e-02,2.14600e-02,2.11806e-02,2.09008e-02,2.06032e-02,2.03393e-02
4.90685e-02,4.89602e-02,4.88299e-02,4.87067e-02,4.85776e-02,4.84477e-02,4.83182e-02,4.81822e-02,4.80522e-02,4.79044e-02,4.77518e-02,4.76043e-02,4.74616e-02,4.73136e-02,4.71681e-02,4.70340e-02,4.68717e-02,4.67085e-02,4.65460e-02,4.63755e-02,4.62074e-02,4.60186e-02,4.58394e-02,4.56683e-02,4.54884e-02,4.53179e-02,4.51224e-02,4.49327e-02,4.47179e-02,4.45084e-02,4.42955e-02,4.40757e-02,4.38668e-02,4.26387e-02,4.24007e-02,4.21605e-02,4.19202e-02,4.17007e-02,4.13894e-02,4.11544e-02,4.09008e-02,4.06619e-02,4.04120e-02,4.01851e-02,3.99350e-02,3.97019e-02,3.93890e-02,3.91365e-02,3.88833e-02,3.86662e-02,3.81725e-02
4.00526e-02,3.98596e-02,3.96594e-02,3.94613e-02,3.92616e-02,3.90609e-02,3.88597e-02,3.86561e-02,3.84539e-02,3.82466e-02,3.80374e-02,3.78293e-02,3.76224e-02,3.74135e-02,3.72050e-02,3.70010e-02,3.67866e-02,3.65717e-02,3.63572e-02,3.61395e-02,3.59221e-02,3.56984e-02,3.54772e-02,3.52583e-02,3.50362e-02,3.48180e-02,3.45902e-02,3.43641e-02,3.41301e-02,3.38968e-02,3.36629e-02,3.34255e-02,3.31923e-02,3.29739e-02,3.27293e-02,3.24836e-02,3.22391e-02,3.19996e-02,3.17616e-02,3.15161e-02,3.12709e-02,3.10248e-02,3.07749e-02,3.05321e-02,3.02815e-02,3.00362e-02,2.97878e-02,2.95360e-02,2.92835e-02,2.90412e-02,2.87746e-02
3.60319e-02,3.58992e-02,3.57553e-02,3.56151e-02,3.54720e-02,3.53282e-02,3.51842e-02,3.50367e-02,3.48858e-02,3.47326e-02,3.45768e-02,3.44231e-02,3.42719e-02,3.41178e-02,3.39647e-02,3.38182e-02,3.36564e-02,3.34941e-02,3.33323e-02,3.31661e-02,3.30009e-02,3.28255e-02,3.26546e-02,3.24877e-02,3.23162e-02,3.21502e-02,3.19704e-02,3.17935e-02,3.16039e-02,3.14165e-02,3.12278e-02,3.10347e-02,3.08477e-02,3.06853e-02,3.04823e-02,3.02778e-02,3.00743e-02,2.98804e-02,2.96891e-02,2.94866e-02,2.92848e-02,2.90809e-02,2.88714e-02,2.86735e-02,2.84636e-02,2.82624e-02,2.80573e-02,2.78461e-02,2.76344e-02,2.74401e-02,2.72065e-02
3.74821e-02,3.70420e-02,3.66229e-02,3.61964e-02,3.57758e-02,3.53540e-02,3.49299e-02,3.45109e-02,3.40955e-02,3.36880e-02,3.32841e-02,3.28733e-02,3.24565e-02,3.20440e-02,3.16276e-02,3.12024e-02,3.08004e-02,3.03991e-02,2.99969e-02,2.96009e-02,2.92010e-02,2.88224e-02,2.84320e-02,2.80328e-02,2.76411e-02,2.72420e-02,2.68635e-02,2.64783e-02,2.61180e-02,2.57515e-02,2.53875e-02,2.50265e-02,2.46565e-02,2.42348e-02,2.38873e-02,2.35157e-02,2.31722e-02,2.28035e-02,2.24282e-02,2.20711e-02,2.17129e-02,2.13612e-02,2.10195e-02,2.06539e-02,2.03106e-02,1.99491e-02,1.95897e-02,1.92462e-02,1.89024e-02,1.85181e-02,1.82144e-02
2.94478e-02,2.92843e-02,2.91169e-02,2.89508e-02,2.87817e-02,2.86140e-02,2.84459e-02,2.82787e-02,2.81074e-02,2.79361e-02,2.77637e-02,2.75916e-02,2.74200e-02,2.72472e-02,2.70745e-02,2.69050e-02,2.67289e-02,2.65528e-02,2.63769e-02,2.61992e-02,2.60214e-02,2.58406e-02,2.56607e-02,2.54821e-02,2.53017e-02,2.51239e-02,2.49402e-02,2.47574e-02,2.45705e-02,2.43850e-02,2.41980e-02,2.40085e-02,2.38314e-02,2.36521e-02,2.34582e-02,2.32694e-02,2.30763e-02,2.28850e-02,2.26943e-02,2.24991e-02,2.23044e-02,2.21096e-02,2.19127e-02,2.17196e-02,2.15223e-02,2.13278e-02,2.11308e-02,2.09328e-02,2.07343e-02,2.05404e-02,2.03342e-02
3.98834e-02,3.97510e-02,3.96049e-02,3.94632e-02,3.93181e-02,3.91721e-02,3.90261e-02,3.88758e-02,3.87291e-02,3.85718e-02,3.84113e-02,3.82537e-02,3.80991e-02,3.79409e-02,3.77842e-02,3.76350e-02,3.74677e-02,3.72998e-02,3.71324e-02,3.69598e-02,3.67885e-02,3.66046e-02,3.64263e-02,3.62530e-02,3.60741e-02,3.59016e-02,3.57127e-02,3.55274e-02,3.53266e-02,3.51287e-02,3.49289e-02,3.47242e-02,3.45268e-02,3.43593e-02,3.41428e-02,3.39247e-02,3.37073e-02,3.35019e-02,3.32999e-02,3.30844e-02,3.28697e-02,3.26522e-02,3.24279e-02,3.22177e-02,3.19931e-02,3.17789e-02,3.15109e-02,3.12846e-02,3.10578e-02,3.08526e-02,3.05992e-02
3.71811e-02,3.67679e-02,3.63730e-02,3.59716e-02,3.55755e-02,3.51781e-02,3.47786e-02,3.43835e-02,3.39914e-02,3.36064e-02,3.32244e-02,3.28363e-02,3.24429e-02,3.20532e-02,3.16600e-02,3.12594e-02,3.08787e-02,3.04985e-02,3.01176e-02,2.97421e-02,2.93629e-02,2.90025e-02,2.86317e-02,2.82531e-02,2.78810e-02,2.75026e-02,2.71420e-02,2.67753e-02,2.64305e-02,2.60803e-02,2.57321e-02,2.53864e-02,2.50329e-02,2.46341e-02,2.42998e-02,2.39447e-02,2.36141e-02,2.32612e-02,2.29025e-02,2.25595e-02,2.22156e-02,2.18774e-02,2.15480e-02,2.11976e-02,2.08666e-02,2.05198e-02,2.01745e-02,1.98433e-02,1.95118e-02,1.91445e-02,1.88479e-02
4.09610e-02,4.06438e-02,4.03322e-02,4.00184e-02,3.97064e-02,3.93932e-02,3.90788e-02,3.87652e-02,3.84490e-02,3.81387e-02,3.78289e-02,3.75165e-02,3.72021e-02,3.68885e-02,3.65733e-02,3.62566e-02,3.59446e-02,3.56327e-02,3.53206e-02,3.50096e-02,3.46969e-02,3.43904e-02,3.40799e-02,3.37666e-02,3.34550e-02,3.31421e-02,3.28333e-02,3.25223e-02,3.22184e-02,3.19112e-02,3.16056e-02,3.12994e-02,3.09914e-02,3.06678e-02,3.03638e-02,3.00595e-02,2.97573e-02,2.94463e-02,2.91330e-02,2.88240e-02,2.85146e-02,2.82076e-02,2.79030e-02,2.75915e-02,2.72858e-02,2.69747e-02,2.66628e-02,2.63562e-02,2.60492e-02,2.57292e-02,2.54327e-02
3.01518e-02,2.99595e-02,2.97660e-02,2.95728e-02,2.93795e-02,2.91854e-02,2.89906e-02,2.87959e-02,2.85992e-02,2.84035e-02,2.82072e-02,2.80103e-02,2.78133e-02,2.76157e-02,2.74177e-02,2.72216e-02,2.70222e-02,2.68228e-02,2.66236e-02,2.64233e-02,2.62226e-02,2.60215e-02,2.58200e-02,2.56186e-02,2.54164e-02,2.52158e-02,2.50121e-02,2.48085e-02,2.46040e-02,2.43999e-02,2.41950e-02,2.39880e-02,2.37834e-02,2.35790e-02,2.33696e-02,2.31621e-02,2.29538e-02,2.27444e-02,2.25348e-02,2.23233e-02,2.21119e-02,2.19012e-02,2.16898e-02,2.14792e-02,2.12672e-02,2.10557e-02,2.08422e-02,2.06296e-02,2.04165e-02,2.02031e-02,1.99875e-02
2.86677e-02,2.82373e-02,2.78323e-02,2.74186e-02,2.70334e-02,2.66257e-02,2.62156e-02,2.57955e-02,2.53964e-02,2.50183e-02,2.46331e-02,2.42400e-02,2.37678e-02,2.33730e-02,2.30253e-02,2.26154e-02,2.22339e-02,2.18024e-02,2.15532e-02,2.11733e-02,2.07951e-02,2.04426e-02,2.00762e-02,1.96994e-02,1.93319e-02,1.89554e-02,1.86042e-02,1.82450e-02,1.72543e-02,1.69178e-02,1.65847e-02,1.61577e-02,1.57320e-02,1.53304e-02,1.48919e-02,1.45509e-02,1.39845e-02,1.32613e-02,1.29167e-02,1.43526e-02,1.41323e-02,1.38936e-02,1.32249e-02,1.28929e-02,1.25876e-02,1.22609e-02,1.19371e-02,1.01867e-02,9.88172e-03,9.52866e-03,8.66676e-03
2.79283e-02,2.78006e-02,2.76662e-02,2.75340e-02,2.73957e-02,2.72613e-02,2.71265e-02,2.69940e-02,2.68547e-02,2.67146e-02,2.65728e-02,2.64321e-02,2.62927e-02,2.61516e-02,2.59988e-02,2.58627e-02,2.57166e-02,2.55704e-02,2.54246e-02,2.52760e-02,2.51277e-02,2.49737e-02,2.48220e-02,2.46728e-02,2.45207e-02,2.43724e-02,2.42151e-02,2.40596e-02,2.38966e-02,2.37358e-02,2.35733e-02,2.34074e-02,2.32650e-02,2.31178e-02,2.29455e-02,2.27817e-02,2.26098e-02,2.24429e-02,2.22775e-02,2.21050e-02,2.19330e-02,2.17602e-02,2.15840e-02,2.14148e-02,2.12383e-02,2.10670e-02,2.08928e-02,2.07154e-02,2.05377e-02,2.03699e-02,2.01787e-02
3.44610e-02,3.43834e-02,3.42896e-02,3.42011e-02,3.41085e-02,3.40152e-02,3.39221e-02,3.38242e-02,3.37219e-02,3.36156e-02,3.35058e-02,3.33996e-02,3.32971e-02,3.31907e-02,3.30861e-02,3.29904e-02,3.28735e-02,3.27560e-02,3.26392e-02,3.25164e-02,3.23953e-02,3.22592e-02,3.21301e-02,3.20071e-02,3.18776e-02,3.17555e-02,3.16144e-02,3.14777e-02,3.13226e-02,3.11712e-02,3.10176e-02,3.08585e-02,3.07079e-02,3.05937e-02,3.04211e-02,3.02468e-02,3.00731e-02,2.99144e-02,2.97598e-02,2.95894e-02,2.94200e-02,2.92473e-02,2.90664e-02,2.89028e-02,2.87218e-02,2.85537e-02,2.83809e-02,2.81985e-02,2.80156e-02,2.78592e-02,2.76447e-02
3.25362e-02,3.21706e-02,3.18210e-02,3.14659e-02,3.11291e-02,3.07774e-02,3.04239e-02,3.00742e-02,2.97270e-02,2.93863e-02,2.90482e-02,2.87047e-02,2.83566e-02,2.80117e-02,2.76638e-02,2.73095e-02,2.69725e-02,2.66360e-02,2.62990e-02,2.59666e-02,2.56310e-02,2.53119e-02,2.49837e-02,2.46486e-02,2.43193e-02,2.39847e-02,2.36653e-02,2.33408e-02,2.30355e-02,2.27254e-02,2.24172e-02,2.21108e-02,2.17425e-02,2.13899e-02,2.10935e-02,2.07791e-02,2.04862e-02,2.01736e-02,1.98559e-02,1.95519e-02,1.92471e-02,1.89476e-02,1.86556e-02,1.83455e-02,1.80522e-02,1.77452e-02,1.74392e-02,1.71850e-02,1.68914e-02,1.65664e-02,1.63032e-02
4.58319e-02,4.55911e-02,4.53445e-02,4.50995e-02,4.48532e-02,4.46058e-02,4.43578e-02,4.41076e-02,4.38583e-02,4.36052e-02,4.33505e-02,4.30963e-02,4.28428e-02,4.25876e-02,4.23325e-02,4.20810e-02,4.18209e-02,4.15605e-02,4.13002e-02,4.10372e-02,4.07742e-02,4.05064e-02,4.02402e-02,3.99755e-02,3.97083e-02,3.94441e-02,3.91721e-02,3.89012e-02,3.86242e-02,3.83474e-02,3.80702e-02,3.77897e-02,3.75126e-02,3.72463e-02,3.69597e-02,3.66720e-02,3.63854e-02,3.61021e-02,3.58197e-02,3.55312e-02,3.52369e-02,3.49480e-02,3.46560e-02,3.43693e-02,3.40765e-02,3.37875e-02,3.34703e-02,3.31761e-02,3.28811e-02,3.25932e-02,3.22872e-02
3.82048e-02,3.77215e-02,3.72634e-02,3.67965e-02,3.63367e-02,3.58755e-02,3.54118e-02,3.49543e-02,3.45013e-02,3.40576e-02,3.36182e-02,3.31707e-02,3.27162e-02,3.22668e-02,3.18129e-02,3.13482e-02,3.09118e-02,3.04761e-02,3.00394e-02,2.96103e-02,2.91765e-02,2.87683e-02,2.83461e-02,2.79133e-02,2.74897e-02,2.70570e-02,2.66494e-02,2.62337e-02,2.58480e-02,2.54547e-02,2.50646e-02,2.46785e-02,2.87041e-02,2.82452e-02,2.78756e-02,2.74770e-02,2.71120e-02,2.67172e-02,2.63146e-02,2.59341e-02,2.55521e-02,2.51778e-02,2.48155e-02,2.44248e-02,2.40607e-02,2.36750e-02,2.32920e-02,2.29887e-02,2.26243e-02,2.22118e-02,2.18956e-02
5.47889e-02,5.44197e-02,5.40530e-02,5.36849e-02,5.33176e-02,5.29490e-02,5.25791e-02,5.18761e-02,5.15043e-02,5.11357e-02,5.07670e-02,5.03963e-02,5.00241e-02,4.96519e-02,4.92783e-02,4.89011e-02,4.85284e-02,4.81555e-02,4.77823e-02,4.74091e-02,4.70344e-02,4.66631e-02,4.62889e-02,4.59129e-02,4.55373e-02,4.51613e-02,4.47864e-02,4.44099e-02,4.40370e-02,4.36615e-02,4.32870e-02,4.29110e-02,4.25343e-02,4.21861e-02,4.18097e-02,4.14328e-02,4.10575e-02,4.06761e-02,4.02973e-02,3.99159e-02,3.95351e-02,3.91547e-02,3.87753e-02,3.83917e-02,3.80109e-02,3.76267e-02,3.72413e-02,3.68590e-02,3.64759e-02,3.60845e-02,3.57064e-02
3.47569e-02,3.42430e-02,3.37598e-02,3.32660e-02,3.27809e-02,3.22943e-02,3.18049e-02,3.13231e-02,3.08471e-02,3.03822e-02,2.99226e-02,2.94535e-02,2.89760e-02,2.85049e-02,2.80285e-02,2.75388e-02,2.70838e-02,2.66297e-02,2.61746e-02,2.57288e-02,2.52776e-02,2.48572e-02,2.44202e-02,2.39706e-02,2.35322e-02,2.30826e-02,2.26638e-02,2.22355e-02,2.18434e-02,2.14422e-02,2.10451e-02,2.06531e-02,2.01447e-02,1.96649e-02,1.92936e-02,1.88871e-02,1.82104e-02,1.78089e-02,1.73982e-02,3.49784e-03,3.11251e-03,2.82897e-03,2.46744e-03,2.07160e-03,1.70810e-03,1.31870e-03,9.32968e-04,6.43032e-04,2.79748e-04,-1.41315e-04,-4.44844e-04
3.75614e-02,3.75117e-02,3.74408e-02,3.73769e-02,3.73075e-02,3.72375e-02,3.71679e-02,3.70921e-02,3.70223e-02,3.69354e-02,3.68441e-02,3.67577e-02,3.66763e-02,3.65897e-02,3.65057e-02,3.64330e-02,3.63330e-02,3.62323e-02,3.61325e-02,3.60249e-02,3.59199e-02,3.57949e-02,3.56794e-02,3.55719e-02,3.54560e-02,3.53494e-02,3.52186e-02,3.50936e-02,3.49444e-02,3.48005e-02,3.46534e-02,3.44997e-02,3.43568e-02,3.42617e-02,3.40908e-02,3.39178e-02,3.37451e-02,3.35925e-02,3.34454e-02,3.32780e-02,3.31307e-02,3.29599e-02,3.27786e-02,3.26197e-02,3.24384e-02,3.22738e-02,3.20315e-02,3.18484e-02,3.16647e-02,3.15162e-02,3.12915e-02
3.20400e-02,3.19014e-02,3.17547e-02,3.16107e-02,3.14591e-02,3.13123e-02,3.11652e-02,3.10155e-02,3.08632e-02,3.07095e-02,3.05539e-02,3.03997e-02,3.02471e-02,3.00923e-02,2.99383e-02,2.97893e-02,2.96288e-02,2.94680e-02,2.93075e-02,2.91438e-02,2.89806e-02,2.88103e-02,2.86429e-02,2.84785e-02,2.83106e-02,2.81470e-02,2.79730e-02,2.78010e-02,2.76200e-02,2.74416e-02,2.72611e-02,2.70770e-02,2.68976e-02,2.67357e-02,2.65440e-02,2.63499e-02,2.61583e-02,2.59730e-02,2.57896e-02,2.55978e-02,2.54065e-02,2.52141e-02,2.50175e-02,2.48293e-02,2.46324e-02,2.44416e-02,2.42477e-02,2.40498e-02,2.38513e-02,2.36650e-02,2.34506e-02
2.71507e-02,2.69683e-02,2.67855e-02,2.66028e-02,2.64209e-02,2.62376e-02,2.60536e-02,2.58694e-02,2.56839e-02,2.54997e-02,2.53150e-02,2.51296e-02,2.49431e-02,2.47571e-02,2.45710e-02,2.43861e-02,2.41988e-02,2.40116e-02,2.38245e-02,2.36367e-02,2.34484e-02,2.32605e-02,2.30718e-02,2.28830e-02,2.26937e-02,2.25057e-02,2.23156e-02,2.21252e-02,2.19349e-02,2.17449e-02,2.15541e-02,2.13615e-02,2.11686e-02,2.09766e-02,2.07822e-02,2.05890e-02,2.03960e-02,2.02010e-02,2.00058e-02,1.98093e-02,1.96130e-02,1.94176e-02,1.92218e-02,1.90261e-02,1.88298e-02,1.86335e-02,1.84354e-02,1.82395e-02,1.80423e-02,1.78436e-02,1.76454e-02
3.48776e-02,3.45112e-02,3.41596e-02,3.38027e-02,3.34501e-02,3.30963e-02,3.27408e-02,3.23886e-02,3.20387e-02,3.16948e-02,3.13532e-02,3.10065e-02,3.06556e-02,3.03075e-02,2.99566e-02,2.95999e-02,2.92589e-02,2.89183e-02,2.85772e-02,2.82402e-02,2.79002e-02,2.75754e-02,2.72421e-02,2.69025e-02,2.65681e-02,2.62288e-02,2.59034e-02,2.55731e-02,2.52605e-02,2.49435e-02,2.46281e-02,2.43142e-02,2.39434e-02,2.35869e-02,2.32820e-02,2.29605e-02,2.26588e-02,2.23388e-02,2.20140e-02,2.17017e-02,2.13886e-02,2.10804e-02,2.07791e-02,2.04611e-02,2.01584e-02,1.98431e-02,1.95286e-02,1.92257e-02,1.89225e-02,1.85903e-02,1.83150e-02
3.69441e-02,3.69254e-02,3.68825e-02,3.68477e-02,3.68065e-02,3.67647e-02,3.67237e-02,3.66756e-02,3.66345e-02,3.65738e-02,3.65081e-02,3.64481e-02,3.63939e-02,3.63339e-02,3.62769e-02,3.62325e-02,3.61575e-02,3.60816e-02,3.60066e-02,3.59231e-02,3.58425e-02,3.57390e-02,3.56466e-02,3.55633e-02,3.54705e-02,3.53882e-02,3.52785e-02,3.51756e-02,3.50450e-02,3.49206e-02,3.47925e-02,3.46572e-02,3.45340e-02,3.44657e-02,3.43111e-02,3.41540e-02,3.39971e-02,3.38636e-02,3.37364e-02,3.35862e-02,3.34587e-02,3.33045e-02,3.31383e-02,3.29979e-02,3.28318e-02,3.26850e-02,3.24510e-02,3.22830e-02,3.21144e-02,3.19865e-02,3.17712e-02
4.20451e-02,4.21146e-02,4.21473e-02,4.21923e-02,4.22275e-02,4.22621e-02,4.22982e-02,4.23239e-02,4.23606e-02,4.23666e-02,4.23653e-02,4.23732e-02,4.23899e-02,4.23981e-02,4.24111e-02,4.24427e-02,4.24285e-02,4.24129e-02,4.23987e-02,4.23716e-02,4.23494e-02,4.22919e-02,4.22517e-02,4.22256e-02,4.21852e-02,4.21602e-02,4.20944e-02,4.20390e-02,4.19411e-02,4.18533e-02,4.17597e-02,4.16557e-02,4.15698e-02,4.15685e-02,4.14358e-02,4.12999e-02,4.11631e-02,4.10632e-02,4.08144e-02,4.06898e-02,4.05351e-02,4.04037e-02,4.02541e-02,4.01441e-02,3.99951e-02,3.98755e-02,3.96287e-02,3.94770e-02,3.93245e-02,3.92352e-02,3.86917e-02
2.50530e-02,2.45611e-02,2.92799e-02,2.88108e-02,2.83796e-02,2.79188e-02,2.70357e-02,2.65586e-02,2.61102e-02,2.56889e-02,2.47914e-02,2.43511e-02,2.38053e-02,2.33047e-02,2.29258e-02,1.55784e-02,1.51548e-02,1.46642e-02,1.32936e-02,1.28721e-02,1.24534e-02,1.13690e-02,1.09664e-02,1.05498e-02,1.01460e-02,9.72979e-03,8.53876e-03,8.14668e-03,6.91728e-03,6.29128e-03,8.28184e-03,7.79993e-03,7.31975e-03,6.87158e-03,6.37600e-03,6.00971e-03,5.34397e-03,4.47194e-03,4.10162e-03,1.26081e-03,1.05520e-03,-6.72233e-04,-1.47106e-03,-4.77881e-03,-6.51982e-03,-6.86531e-03,-9.39809e-03,-1.16222e-02,-1.44083e-02,-1.21994e-02,-1.32513e-02
3.66218e-02,3.65986e-02,3.65520e-02,3.65131e-02,3.64681e-02,3.64225e-02,3.63775e-02,3.63258e-02,3.62808e-02,3.62167e-02,3.61478e-02,3.60845e-02,3.60267e-02,3.59633e-02,3.59028e-02,3.58547e-02,3.57766e-02,3.56978e-02,3.56198e-02,3.55335e-02,3.54501e-02,3.53444e-02,3.52494e-02,3.51633e-02,3.50680e-02,3.49829e-02,3.48712e-02,3.47660e-02,3.46339e-02,3.45078e-02,3.43782e-02,3.42414e-02,3.41165e-02,3.40449e-02,3.38894e-02,3.37315e-02,3.35738e-02,3.34387e-02,3.33098e-02,3.31585e-02,3.30294e-02,3.28743e-02,3.27075e-02,3.25657e-02,3.23990e-02,3.22510e-02,3.20180e-02,3.18494e-02,3.16803e-02,3.15505e-02,3.13361e-02
3.50459e-02,3.51022e-02,3.51275e-02,3.51632e-02,3.51908e-02,3.52178e-02,3.52461e-02,3.52655e-02,3.52773e-02,3.52803e-02,3.52771e-02,3.52816e-02,3.52936e-02,3.52984e-02,3.53073e-02,3.53321e-02,3.53180e-02,3.53029e-02,3.52889e-02,3.52641e-02,3.52433e-02,3.51930e-02,3.51571e-02,3.51332e-02,3.50972e-02,3.50745e-02,3.50170e-02,3.49684e-02,3.48840e-02,3.48080e-02,3.47273e-02,3.46376e-02,3.45634e-02,3.45605e-02,3.44466e-02,3.43298e-02,3.42126e-02,3.41264e-02,3.40485e-02,3.39413e-02,3.38632e-02,3.37506e-02,3.36226e-02,3.35280e-02,3.34006e-02,3.32981e-02,3.30863e-02,3.29567e-02,3.28264e-02,3.27493e-02,3.25591e-02
3.66052e-02,3.64237e-02,3.62358e-02,3.60499e-02,3.58625e-02,3.56742e-02,3.54855e-02,3.52945e-02,3.51013e-02,3.49072e-02,3.47115e-02,3.45166e-02,3.43228e-02,3.41273e-02,3.39320e-02,3.37409e-02,3.35404e-02,3.33396e-02,3.31390e-02,3.29357e-02,3.27326e-02,3.25241e-02,3.23176e-02,3.21132e-02,3.19060e-02,3.17023e-02,3.14901e-02,3.12793e-02,3.10616e-02,3.08445e-02,3.06269e-02,3.04060e-02,3.01890e-02,2.99849e-02,2.97577e-02,2.95294e-02,2.93024e-02,2.90796e-02,2.88581e-02,2.86299e-02,2.84020e-02,2.81734e-02,2.79415e-02,2.77159e-02,2.74834e-02,2.72556e-02,2.70248e-02,2.67912e-02,2.65571e-02,2.63316e-02,2.60851e-02
